run_id,experiment_id,status,artifact_uri,start_time,end_time,metrics.fold4_valid_rmse,metrics.fold5_train_ndcg_10,metrics.fold4_train_asym_mse,metrics.fold4_valid_Recall_Gate30pct,metrics.pooled_oof_ndcg_10,metrics.cv_valid_days,metrics.fold5_valid_rmse,metrics.fold2_valid_asym_mse,metrics.fold5_valid_top10_spread,metrics.fold3_train_top10_spread,metrics.fold3_valid_ndcg_10,metrics.fold4_valid_severe_drawdown_recall,metrics.fold3_train_severe_drawdown_recall,metrics.fold0_train_ndcg_10,metrics.fold4_valid_AP_severe,metrics.fold4_train_RankIC_reb,metrics.fold4_train_ndcg_10,metrics.fold5_train_rmse,metrics.fold2_valid_RankIC_reb,metrics.fold5_train_ic,metrics.fold1_valid_asym_mse,metrics.fold2_valid_top10_spread,metrics.fold1_valid_RankIC_reb,metrics.fold4_valid_ic,metrics.fold0_valid_ndcg_10,metrics.fold3_train_ndcg_10,metrics.fold2_valid_Recall_Gate30pct,metrics.fold5_valid_RankIC_reb,metrics.pooled_oof_RankIC_reb,metrics.fold0_train_RankIC_reb,metrics.pooled_oof_severe_drawdown_recall,metrics.pooled_oof_Recall_Gate30pct,metrics.fold2_train_ndcg_10,metrics.fold5_valid_severe_drawdown_recall,metrics.fold0_train_top10_spread,metrics.pooled_oof_top10_spread,metrics.fold3_train_RankIC_reb,metrics.fold4_valid_top10_spread,metrics.fold5_valid_ndcg_10,metrics.fold0_valid_Recall_Gate30pct,metrics.fold0_valid_severe_drawdown_recall,metrics.fold0_valid_AP_severe,metrics.fold2_train_severe_drawdown_recall,metrics.fold3_valid_asym_mse,metrics.fold4_train_rmse,metrics.fold4_valid_asym_mse,metrics.pooled_oof_AP_severe,metrics.fold2_valid_AP_severe,metrics.fold1_valid_AP_severe,metrics.fold2_train_rmse,metrics.fold1_train_RankIC_reb,metrics.fold3_valid_ic,metrics.fold1_valid_rmse,metrics.fold3_valid_AP_severe,metrics.fold3_train_asym_mse,metrics.fold0_train_severe_drawdown_recall,metrics.fold5_valid_Recall_Gate30pct,metrics.fold4_train_ic,metrics.fold2_valid_rmse,metrics.fold1_valid_top10_spread,metrics.fold4_train_AP_severe,metrics.fold1_train_asym_mse,metrics.fold5_train_severe_drawdown_recall,metrics.avg_valid_metrics,metrics.fold2_train_top10_spread,metrics.fold5_train_AP_severe,metrics.fold0_train_AP_severe,metrics.fold2_valid_severe_drawdown_recall,metrics.fold5_valid_AP_severe,metrics.fold0_valid_rmse,metrics.fold2_train_AP_severe,metrics.fold0_valid_top10_spread,metrics.fold2_valid_ic,metrics.fold1_valid_severe_drawdown_recall,metrics.fold0_train_ic,metrics.fold3_valid_RankIC_reb,metrics.fold0_valid_RankIC_reb,metrics.pooled_oof_rmse,metrics.optimization_score,metrics.cv_train_days,metrics.fold3_valid_severe_drawdown_recall,metrics.fold0_valid_asym_mse,metrics.fold2_valid_ndcg_10,metrics.fold5_train_top10_spread,metrics.fold3_valid_rmse,metrics.cv_train_segs,metrics.fold3_valid_Recall_Gate30pct,metrics.fold1_train_ndcg_10,metrics.fold3_valid_top10_spread,metrics.fold1_train_ic,metrics.fold4_valid_RankIC_reb,metrics.fold1_train_top10_spread,metrics.pooled_oof_ic,metrics.fold3_train_Recall_Gate30pct,metrics.fold1_valid_Recall_Gate30pct,metrics.fold1_train_severe_drawdown_recall,metrics.fold5_train_asym_mse,metrics.fold0_valid_ic,metrics.fold3_train_rmse,metrics.fold5_train_Recall_Gate30pct,metrics.fold0_train_asym_mse,metrics.cv_valid_segs,metrics.fold1_train_AP_severe,metrics.fold1_valid_ic,metrics.fold5_valid_ic,metrics.fold4_train_severe_drawdown_recall,metrics.fold0_train_Recall_Gate30pct,metrics.fold2_train_RankIC_reb,metrics.fold5_valid_asym_mse,metrics.fold3_train_AP_severe,metrics.fold5_train_RankIC_reb,metrics.fold4_train_Recall_Gate30pct,metrics.fold0_train_rmse,metrics.fold2_train_ic,metrics.fold2_train_asym_mse,metrics.fold4_valid_ndcg_10,metrics.fold1_valid_ndcg_10,metrics.fold1_train_rmse,metrics.fold1_train_Recall_Gate30pct,metrics.fold2_train_Recall_Gate30pct,metrics.fold4_train_top10_spread,metrics.fold3_train_ic,params.target,params.cv,params.hparams,params.domain,params.data,params.model,params.model_group,params.mlflow,params.period,params.features,tags.mlflow.parentRunId,tags.mlflow.runName,tags.mlflow.source.name,tags.mlflow.source.type,tags.mlflow.source.git.commit,tags.mlflow.user
7f86668768d64f43904b39157e9339b8,16,FINISHED,/Users/yuu/JPSForecast/mlruns/16/7f86668768d64f43904b39157e9339b8/artifacts,2026-04-13 17:29:36.581000+00:00,2026-04-13 17:35:47.277000+00:00,0.9669526676196686,0.4636280284488572,1.3032051478927689,,0.40749148355398307,406.0,0.9801118286945774,1.3845991526021668,0.0010906995739787817,0.01080319657921791,0.4310047195878655,,,0.452876681624499,,,0.45641377992581855,0.9224445308961067,,0.02402067354829759,1.2799061830565295,0.0035113750491291285,,-0.01384423716295302,0.41363183412808163,0.47680245547917216,,,,,,,0.49277497815225946,,0.008150266483426094,0.0013011045521125197,,0.0012063444592058659,0.38551596665279586,,,,,1.261955898562437,0.9224770540268716,1.4528403812620323,,,,0.9228817412187895,,0.0005691413728480499,0.8991315248616101,,1.3049081478823534,,,0.02310324589822027,0.9529256671381032,-0.0009426754550077021,,1.3122817585256783,,-0.027961955290073448,0.012796320952475071,,,,,0.9511365463320245,,1.4294919310486875e-05,0.0028129711571000236,,0.029857910626242084,,,0.9448357129979509,-0.027961955290073448,2029.0,,1.365027055113398,0.4166989067370978,0.008334140293300152,0.9125146258990745,1.0,,0.46703866922027104,0.0028404726181179285,0.03897586641846401,,0.009425383992493153,-0.006943432202143123,,,,1.2839813363544959,-0.030059073238624206,0.933035642131634,,1.315758011553296,1.0,,-0.021859008080365352,-0.027891622146821126,,,,1.5264477118635966,,,,0.9272016258285881,0.0673326177921368,1.2725588392218865,0.3896081578991448,0.40879872816889934,0.9337705246982563,,,0.007330631837248802,0.0559129069635141,"{'name': 'tac_vol_scaled_asym_return', 'column': 'target_tac_vol_scaled_asym_return_clipped', 'task_type': 'regression', 'prediction_horizon': 5}","{'_target_': 'src.cv.purged_kfold.SimplePurgedKFold', 'n_splits': 6, 'pct_embargo': 0.01}","{'boosting_type': 'gbdt', 'n_jobs': -1, 'random_state': 42, 'learning_rate': 0.05, 'num_leaves': 31, 'max_depth': 5, 'min_child_samples': 200, 'min_split_gain': 0.1, 'bagging_fraction': 0.8, 'feature_fraction': 0.8, 'lambda_l1': 1.0, 'lambda_l2': 1.0, 'is_unbalance': True, 'use_time_decay': True, 'time_decay_rate': 0.9999, 'bagging_freq': 5, 'verbose': -1, 'custom_objective': 'src.models.custom_objectives.custom_asymmetric_mse', 'custom_metric': 'src.models.custom_objectives.custom_asymmetric_mse_eval'}","{'name': 'TAC', 'description': '戦術モデル：短期的な売買タイミングの予測'}","{'type': 'master', 'path': '/Users/yuu/JPSForecast/data/master', 'format': 'pkl'}","{'name': 'LightGBM', '_target_': 'lightgbm.LGBMRegressor', 'use_gpu': True, 'preprocessor_target': 'src.preprocess.preprocess_lgbm.LGBMPreprocessor', 'model_target': 'src.models.lgbm_wrapper.LGBMWrapper', 'data_category': 'tabular'}",unknown,"{'tracking_uri': 'sqlite:////Users/yuu/JPSForecast/mlflow.db', 'experiment_name': 'Rough_Tuning'}","{'purge_days': 5, 'embargo_days': 40, 'pct_embargo': 0.01, 'n_splits': 6, 'n_test_chunks': 2, 'valid_start_date': '2024-01-01', 'test_start_date': '2025-01-01'}","{'name': 'tac_vol_scaled_asym_return', 'cat_cols': ['GOV_MarketSegment_CSR', 'GOV_MarketSegment_SNZ', 'GOV_Sector33Code_RAW', 'SEA_IsQuarterEnd_RAW', 'SEA_DayOfMonth_RAW', 'SEA_DayOfWeek_RAW']}",5df869206bf3485eafc99d8e1105f75a,Trial_47_LightGBM,train.py,LOCAL,a2f007f5f5014ad70795fd0b1377858a3347347b,yuu
89f6046aa6344aa38bb70db0baebe529,16,FINISHED,/Users/yuu/JPSForecast/mlruns/16/89f6046aa6344aa38bb70db0baebe529/artifacts,2026-04-13 17:23:01.377000+00:00,2026-04-13 17:29:36.350000+00:00,0.9779042193555734,0.4579829275930647,1.2874430017101257,,0.40917222584952995,406.0,0.9699502986987749,1.3851057206944353,0.0013905009254813194,0.010781882330775261,0.42564341194748506,,,0.45273005767541014,,,0.4680784614263452,0.9228029573047469,,0.021194676178405862,1.277974868698322,0.0039927782490849495,,-0.012551662900686662,0.41218942721988405,0.4754695682387893,,,,,,,0.4923057457573443,,0.008444343693554401,0.0012906211195513606,,0.0015565967187285423,0.3954783080209426,,,,,1.2633443542345821,0.9275276854406007,1.452617724037376,,,,0.9210944991960164,,0.0020464578146898514,0.8986570938921224,,1.3040912741508495,,,0.038287549910301054,0.9537243555243329,-0.0003306118887849152,,1.3188113674383977,,-0.027120445523158156,0.013046697713434696,,,,,0.9569694833124115,,-0.0009166864911094308,-0.0036544216947309175,,0.03455386494480654,,,0.9457684799550626,-0.027120445523158156,2029.0,,1.3650971033593162,0.41695261945722817,0.0077247596345841885,0.9126528588539999,1.0,,0.46040761746198083,0.0019056170713156462,0.03581492819148422,,0.008447286672890186,-0.006925586534106002,,,,1.2878098179237896,-0.03212030209712076,0.9318297653492911,,1.3135261950477728,1.0,,-0.016558433177319,-0.027422094425362118,,,,1.520297218482022,,,,0.9298022194521066,0.07380731055480026,1.2703888679181685,0.39312614318367556,0.4117705323355442,0.934104277160207,,,0.008973445743322372,0.06041406235396522,"{'name': 'tac_vol_scaled_asym_return', 'column': 'target_tac_vol_scaled_asym_return_clipped', 'task_type': 'regression', 'prediction_horizon': 5}","{'_target_': 'src.cv.purged_kfold.SimplePurgedKFold', 'n_splits': 6, 'pct_embargo': 0.01}","{'boosting_type': 'gbdt', 'n_jobs': -1, 'random_state': 42, 'learning_rate': 0.05, 'num_leaves': 31, 'max_depth': 5, 'min_child_samples': 500, 'min_split_gain': 0.1, 'bagging_fraction': 0.8, 'feature_fraction': 0.8, 'lambda_l1': 1.0, 'lambda_l2': 1.0, 'is_unbalance': True, 'use_time_decay': True, 'time_decay_rate': 0.9999, 'bagging_freq': 5, 'verbose': -1, 'custom_objective': 'src.models.custom_objectives.custom_asymmetric_mse', 'custom_metric': 'src.models.custom_objectives.custom_asymmetric_mse_eval'}","{'name': 'TAC', 'description': '戦術モデル：短期的な売買タイミングの予測'}","{'type': 'master', 'path': '/Users/yuu/JPSForecast/data/master', 'format': 'pkl'}","{'name': 'LightGBM', '_target_': 'lightgbm.LGBMRegressor', 'use_gpu': True, 'preprocessor_target': 'src.preprocess.preprocess_lgbm.LGBMPreprocessor', 'model_target': 'src.models.lgbm_wrapper.LGBMWrapper', 'data_category': 'tabular'}",unknown,"{'tracking_uri': 'sqlite:////Users/yuu/JPSForecast/mlflow.db', 'experiment_name': 'Rough_Tuning'}","{'purge_days': 5, 'embargo_days': 40, 'pct_embargo': 0.01, 'n_splits': 6, 'n_test_chunks': 2, 'valid_start_date': '2024-01-01', 'test_start_date': '2025-01-01'}","{'name': 'tac_vol_scaled_asym_return', 'cat_cols': ['GOV_MarketSegment_CSR', 'GOV_MarketSegment_SNZ', 'GOV_Sector33Code_RAW', 'SEA_IsQuarterEnd_RAW', 'SEA_DayOfMonth_RAW', 'SEA_DayOfWeek_RAW']}",5df869206bf3485eafc99d8e1105f75a,Trial_46_LightGBM,train.py,LOCAL,a2f007f5f5014ad70795fd0b1377858a3347347b,yuu
7e1b1ab0e30c4096acb1db4c96ac4eea,16,FINISHED,/Users/yuu/JPSForecast/mlruns/16/7e1b1ab0e30c4096acb1db4c96ac4eea/artifacts,2026-04-13 17:16:34.296000+00:00,2026-04-13 17:23:01.118000+00:00,0.9658373974719402,0.46216434773550535,1.3093001267173199,,0.4086374685446807,406.0,0.9796490442594111,1.3847370699259645,0.0017423961544409394,0.010730134323239326,0.4296922210496153,,,0.44687260867422773,,,0.4477155130695995,0.925474884910161,,0.0259443544555963,1.2788281188312114,0.00451068626716733,,-0.013220237965050681,0.4074737357273388,0.4727199979004891,,,,,,,0.4774320153042389,,0.007389474660158157,0.0013987345155328512,,0.0006703653489239514,0.39459548860355215,,,,,1.2626578033213574,0.9234094513158742,1.452064426665932,,,,0.9256401910140905,,-0.0003559572968610677,0.9001551922542267,,1.3028162821520228,,,0.021319184541546573,0.9524222762514951,-8.846208220347762e-05,,1.3179969886880178,,-0.02377941221331387,0.010784422978758812,,,,,0.9522016652256163,,-0.0010826456127688289,-0.013462108470333474,,0.03068839120374187,,,0.9448921703248248,-0.02377941221331387,2029.0,,1.3656496748644245,0.4190734325636926,0.008249962702393532,0.9132047719545718,1.0,,0.4574892654574812,0.0024745094124227762,0.03680115120376851,,0.008434015326201916,-0.0053632779718055315,,,,1.282651346631858,-0.032672924470885226,0.9313895972899049,,1.3209991822639156,1.0,,-0.015524441174088929,-0.009628393846066537,,,,1.5162798716164967,,,,0.9286170563485898,0.0634146120398799,1.2835266814889403,0.3887319044691656,0.4120974187070912,0.9357221082440905,,,0.0061393301002681255,0.06374532983379262,"{'name': 'tac_vol_scaled_asym_return', 'column': 'target_tac_vol_scaled_asym_return_clipped', 'task_type': 'regression', 'prediction_horizon': 5}","{'_target_': 'src.cv.purged_kfold.SimplePurgedKFold', 'n_splits': 6, 'pct_embargo': 0.01}","{'boosting_type': 'gbdt', 'n_jobs': -1, 'random_state': 42, 'learning_rate': 0.05, 'num_leaves': 31, 'max_depth': 5, 'min_child_samples': 1000, 'min_split_gain': 0.1, 'bagging_fraction': 0.8, 'feature_fraction': 0.8, 'lambda_l1': 1.0, 'lambda_l2': 1.0, 'is_unbalance': True, 'use_time_decay': True, 'time_decay_rate': 0.9999, 'bagging_freq': 5, 'verbose': -1, 'custom_objective': 'src.models.custom_objectives.custom_asymmetric_mse', 'custom_metric': 'src.models.custom_objectives.custom_asymmetric_mse_eval'}","{'name': 'TAC', 'description': '戦術モデル：短期的な売買タイミングの予測'}","{'type': 'master', 'path': '/Users/yuu/JPSForecast/data/master', 'format': 'pkl'}","{'name': 'LightGBM', '_target_': 'lightgbm.LGBMRegressor', 'use_gpu': True, 'preprocessor_target': 'src.preprocess.preprocess_lgbm.LGBMPreprocessor', 'model_target': 'src.models.lgbm_wrapper.LGBMWrapper', 'data_category': 'tabular'}",unknown,"{'tracking_uri': 'sqlite:////Users/yuu/JPSForecast/mlflow.db', 'experiment_name': 'Rough_Tuning'}","{'purge_days': 5, 'embargo_days': 40, 'pct_embargo': 0.01, 'n_splits': 6, 'n_test_chunks': 2, 'valid_start_date': '2024-01-01', 'test_start_date': '2025-01-01'}","{'name': 'tac_vol_scaled_asym_return', 'cat_cols': ['GOV_MarketSegment_CSR', 'GOV_MarketSegment_SNZ', 'GOV_Sector33Code_RAW', 'SEA_IsQuarterEnd_RAW', 'SEA_DayOfMonth_RAW', 'SEA_DayOfWeek_RAW']}",5df869206bf3485eafc99d8e1105f75a,Trial_45_LightGBM,train.py,LOCAL,a2f007f5f5014ad70795fd0b1377858a3347347b,yuu
2662d5277d6e442bbdcd9d29a201d888,16,FINISHED,/Users/yuu/JPSForecast/mlruns/16/2662d5277d6e442bbdcd9d29a201d888/artifacts,2026-04-13 17:10:19.931000+00:00,2026-04-13 17:16:34.067000+00:00,0.9683133995011886,0.4560072599592536,1.3157714173587092,,0.40819170058507454,406.0,0.977692169905504,1.3840811554916344,0.0018674596212804317,0.008419080637395382,0.42809754948139184,,,0.43825218749628014,,,0.44275125520625896,0.9270600842714928,,0.030180076309818924,1.2772967934485926,0.0035394292790442705,,-0.014757430704009658,0.4117679940287188,0.458165492184568,,,,,,,0.4603371674887566,,0.005892270710319281,0.001135322847403586,,2.455931644362863e-05,0.395339971387542,,,,,1.2632579070087386,0.924359556425638,1.4530483947134352,,,,0.9297471261931289,,0.004539357997531868,0.8982381178539626,,1.3195977553662344,,,0.018922054430273033,0.9514577330465823,0.00043127723620273173,,1.3346823963685805,,-0.023212203181681455,0.007751845754683018,,,,,0.9505970417780696,,-0.0008527975296601653,-0.014102918209817735,,0.03190717119761803,,,0.9443936954557063,-0.023212203181681455,2029.0,,1.3656348290084868,0.41749237171580006,0.007121189963072538,0.9140771751579805,1.0,,0.44221746500710446,0.0016691882628947496,0.02743638027968398,,0.0063219997100532055,-0.004682703693415184,,,,1.2882050570594215,-0.030154438566242118,0.9359832044358222,,1.3285272546240077,1.0,,-0.015396509438644094,-0.007134535509334278,,,,1.5137420565376607,,,,0.9293185569055908,0.05574768616967236,1.2987703152044563,0.38608863385218856,0.41051504699332664,0.9363238955256173,,,0.005370704922825098,0.05240201696764227,"{'name': 'tac_vol_scaled_asym_return', 'column': 'target_tac_vol_scaled_asym_return_clipped', 'task_type': 'regression', 'prediction_horizon': 5}","{'_target_': 'src.cv.purged_kfold.SimplePurgedKFold', 'n_splits': 6, 'pct_embargo': 0.01}","{'boosting_type': 'gbdt', 'n_jobs': -1, 'random_state': 42, 'learning_rate': 0.05, 'num_leaves': 31, 'max_depth': 5, 'min_child_samples': 2000, 'min_split_gain': 0.1, 'bagging_fraction': 0.8, 'feature_fraction': 0.8, 'lambda_l1': 1.0, 'lambda_l2': 1.0, 'is_unbalance': True, 'use_time_decay': True, 'time_decay_rate': 0.9999, 'bagging_freq': 5, 'verbose': -1, 'custom_objective': 'src.models.custom_objectives.custom_asymmetric_mse', 'custom_metric': 'src.models.custom_objectives.custom_asymmetric_mse_eval'}","{'name': 'TAC', 'description': '戦術モデル：短期的な売買タイミングの予測'}","{'type': 'master', 'path': '/Users/yuu/JPSForecast/data/master', 'format': 'pkl'}","{'name': 'LightGBM', '_target_': 'lightgbm.LGBMRegressor', 'use_gpu': True, 'preprocessor_target': 'src.preprocess.preprocess_lgbm.LGBMPreprocessor', 'model_target': 'src.models.lgbm_wrapper.LGBMWrapper', 'data_category': 'tabular'}",unknown,"{'tracking_uri': 'sqlite:////Users/yuu/JPSForecast/mlflow.db', 'experiment_name': 'Rough_Tuning'}","{'purge_days': 5, 'embargo_days': 40, 'pct_embargo': 0.01, 'n_splits': 6, 'n_test_chunks': 2, 'valid_start_date': '2024-01-01', 'test_start_date': '2025-01-01'}","{'name': 'tac_vol_scaled_asym_return', 'cat_cols': ['GOV_MarketSegment_CSR', 'GOV_MarketSegment_SNZ', 'GOV_Sector33Code_RAW', 'SEA_IsQuarterEnd_RAW', 'SEA_DayOfMonth_RAW', 'SEA_DayOfWeek_RAW']}",5df869206bf3485eafc99d8e1105f75a,Trial_44_LightGBM,train.py,LOCAL,a2f007f5f5014ad70795fd0b1377858a3347347b,yuu
8cc72e1736a84fe4bad1f09d13e5a9fc,16,FINISHED,/Users/yuu/JPSForecast/mlruns/16/8cc72e1736a84fe4bad1f09d13e5a9fc/artifacts,2026-04-13 17:03:03.591000+00:00,2026-04-13 17:10:19.695000+00:00,0.9808197655453581,0.433475651190269,1.3303924534389335,,0.40555189601973635,406.0,0.9856565623677384,1.3826016884573704,0.001617800910025835,0.004426298663020134,0.4268023029383163,,,0.41597511256128067,,,0.43443106936945247,0.934133015672759,,0.012913227085317964,1.276686808652924,0.004135204013437033,,-0.01684565352330756,0.40833337248323653,0.43214844141452574,,,,,,,0.430094916508649,,0.0027058119885623455,0.001236601616255939,,0.0012137219309806824,0.3930092921345867,,,,,1.2613568120835803,0.9376663668530185,1.4497205536164273,,,,0.9402634337493618,,0.005407858633144947,0.9033301045488101,,1.3579632465328484,,,0.015426499204119657,0.9507803019220522,-0.0007241375860758126,,1.3665853885075796,,-0.0246587323716678,0.0032311624381691217,,,,,0.9568865432638232,,-0.0005281333578750491,-0.017410781795208885,,0.012191116276040788,,,0.9497679086730157,-0.0246587323716678,2029.0,,1.3666611842138046,0.41552705942897805,0.0039147259667515755,0.9138836797511632,1.0,,0.4225561537197328,0.0015889626229181886,0.01092112581586067,,0.003279497381299734,-0.005454487113094764,,,,1.3158867379768313,-0.026802544724665017,0.9448731633029719,,1.3599309545482585,1.0,,-0.016580062438216116,-0.017137932325736023,,,,1.5158960646127027,,,,0.9388665497603421,0.025609527408319756,1.3417061710627547,0.3862567019227394,0.4034889422143259,0.9459546528905881,,,0.004023719113320112,0.028189453938633355,"{'name': 'tac_vol_scaled_asym_return', 'column': 'target_tac_vol_scaled_asym_return_clipped', 'task_type': 'regression', 'prediction_horizon': 5}","{'_target_': 'src.cv.purged_kfold.SimplePurgedKFold', 'n_splits': 6, 'pct_embargo': 0.01}","{'boosting_type': 'gbdt', 'n_jobs': -1, 'random_state': 42, 'learning_rate': 0.05, 'num_leaves': 31, 'max_depth': 3, 'min_child_samples': 2000, 'min_split_gain': 0.1, 'bagging_fraction': 0.8, 'feature_fraction': 0.8, 'lambda_l1': 1.0, 'lambda_l2': 1.0, 'is_unbalance': True, 'use_time_decay': True, 'time_decay_rate': 0.9999, 'bagging_freq': 5, 'verbose': -1, 'custom_objective': 'src.models.custom_objectives.custom_asymmetric_mse', 'custom_metric': 'src.models.custom_objectives.custom_asymmetric_mse_eval'}","{'name': 'TAC', 'description': '戦術モデル：短期的な売買タイミングの予測'}","{'type': 'master', 'path': '/Users/yuu/JPSForecast/data/master', 'format': 'pkl'}","{'name': 'LightGBM', '_target_': 'lightgbm.LGBMRegressor', 'use_gpu': True, 'preprocessor_target': 'src.preprocess.preprocess_lgbm.LGBMPreprocessor', 'model_target': 'src.models.lgbm_wrapper.LGBMWrapper', 'data_category': 'tabular'}",unknown,"{'tracking_uri': 'sqlite:////Users/yuu/JPSForecast/mlflow.db', 'experiment_name': 'Rough_Tuning'}","{'purge_days': 5, 'embargo_days': 40, 'pct_embargo': 0.01, 'n_splits': 6, 'n_test_chunks': 2, 'valid_start_date': '2024-01-01', 'test_start_date': '2025-01-01'}","{'name': 'tac_vol_scaled_asym_return', 'cat_cols': ['GOV_MarketSegment_CSR', 'GOV_MarketSegment_SNZ', 'GOV_Sector33Code_RAW', 'SEA_IsQuarterEnd_RAW', 'SEA_DayOfMonth_RAW', 'SEA_DayOfWeek_RAW']}",5df869206bf3485eafc99d8e1105f75a,Trial_43_LightGBM,train.py,LOCAL,a2f007f5f5014ad70795fd0b1377858a3347347b,yuu
077ec19a35334c879c2106356121dd41,16,FINISHED,/Users/yuu/JPSForecast/mlruns/16/077ec19a35334c879c2106356121dd41/artifacts,2026-04-13 16:56:43.093000+00:00,2026-04-13 17:03:03.370000+00:00,0.9664024887643614,0.4427950535588111,1.3262197924581065,,0.4080787086981806,406.0,0.9772257665184452,1.3858531774876335,0.0021921938750892878,0.007158510386943817,0.43155743244097317,,,0.42862603730761767,,,0.43183084081648104,0.9301090507377696,,0.020119012568986575,1.2786385118528312,0.004534551873803139,,-0.013641629412945716,0.4055930634872466,0.448379376289899,,,,,,,0.4487531602412869,,0.004477533046156168,0.0014207031344994903,,0.00025387571076862514,0.3961512481731897,,,,,1.2626961582646972,0.9264800539607162,1.4521749601543794,,,,0.9336565650106875,,0.005852230660699535,0.9019213846415066,,1.330576899923156,,,0.013296648958471076,0.9511414778779106,0.0003233812749385834,,1.337213022154696,,-0.02532909250062769,0.00591050460934639,,,,,0.9553593492043378,,-0.0013377679279074073,-0.023670956067408277,,0.024348475055398437,,,0.9450967187659903,-0.02532909250062769,2029.0,,1.3660308840185325,0.4183801385347154,0.005407262593507767,0.9134517492306558,1.0,,0.43885940990315697,0.002374017611145973,0.027162777567775617,,0.005624118261039257,-0.006425220503392991,,,,1.3014677868596627,-0.029040431277693565,0.9383934999002026,,1.3365472942833287,1.0,,-0.013270247634232908,-0.012696318160416133,,,,1.5153701836572693,,,,0.934036481210718,0.04298251994109549,1.313814504816831,0.38516792767424285,0.4113719488510889,0.9399177937228573,,,0.003753276774659753,0.04619952089782246,"{'name': 'tac_vol_scaled_asym_return', 'column': 'target_tac_vol_scaled_asym_return_clipped', 'task_type': 'regression', 'prediction_horizon': 5}","{'_target_': 'src.cv.purged_kfold.SimplePurgedKFold', 'n_splits': 6, 'pct_embargo': 0.01}","{'boosting_type': 'gbdt', 'n_jobs': -1, 'random_state': 42, 'learning_rate': 0.05, 'num_leaves': 15, 'max_depth': 5, 'min_child_samples': 2000, 'min_split_gain': 0.1, 'bagging_fraction': 0.8, 'feature_fraction': 0.8, 'lambda_l1': 1.0, 'lambda_l2': 1.0, 'is_unbalance': True, 'use_time_decay': True, 'time_decay_rate': 0.9999, 'bagging_freq': 5, 'verbose': -1, 'custom_objective': 'src.models.custom_objectives.custom_asymmetric_mse', 'custom_metric': 'src.models.custom_objectives.custom_asymmetric_mse_eval'}","{'name': 'TAC', 'description': '戦術モデル：短期的な売買タイミングの予測'}","{'type': 'master', 'path': '/Users/yuu/JPSForecast/data/master', 'format': 'pkl'}","{'name': 'LightGBM', '_target_': 'lightgbm.LGBMRegressor', 'use_gpu': True, 'preprocessor_target': 'src.preprocess.preprocess_lgbm.LGBMPreprocessor', 'model_target': 'src.models.lgbm_wrapper.LGBMWrapper', 'data_category': 'tabular'}",unknown,"{'tracking_uri': 'sqlite:////Users/yuu/JPSForecast/mlflow.db', 'experiment_name': 'Rough_Tuning'}","{'purge_days': 5, 'embargo_days': 40, 'pct_embargo': 0.01, 'n_splits': 6, 'n_test_chunks': 2, 'valid_start_date': '2024-01-01', 'test_start_date': '2025-01-01'}","{'name': 'tac_vol_scaled_asym_return', 'cat_cols': ['GOV_MarketSegment_CSR', 'GOV_MarketSegment_SNZ', 'GOV_Sector33Code_RAW', 'SEA_IsQuarterEnd_RAW', 'SEA_DayOfMonth_RAW', 'SEA_DayOfWeek_RAW']}",5df869206bf3485eafc99d8e1105f75a,Trial_42_LightGBM,train.py,LOCAL,a2f007f5f5014ad70795fd0b1377858a3347347b,yuu
ef625605727d46f1a17f0febf680f073,16,FINISHED,/Users/yuu/JPSForecast/mlruns/16/ef625605727d46f1a17f0febf680f073/artifacts,2026-04-13 16:50:31.378000+00:00,2026-04-13 16:56:42.853000+00:00,0.9654740040076133,0.4392535453324523,1.3226280552708871,,0.40557850458800404,406.0,0.9752929090353789,1.3869339726924537,0.0020342841744422913,0.006758856121450663,0.4232778773649135,,,0.43243454202036513,,,0.4345781029465783,0.9242133958692388,,0.010901124209005705,1.278948018000008,0.0035603593569248915,,-0.011611842810972451,0.4116882415816848,0.4478886725599239,,,,,,,0.4592737947949688,,0.004872028715908527,0.0011392617598176003,,0.0003118994936812669,0.3896335022304769,,,,,1.2617922064168874,0.9265482402433003,1.4514558344796977,,,,0.9318394613353763,,-0.001745534322783001,0.900873669736833,,1.3359646047155007,,,0.013464864869652515,0.9541757122417815,-0.0005496300873346627,,1.3342350027233092,,-0.028148545683593807,0.00741069158539176,,,,,0.9561497246293503,,-0.0003467838978394866,-0.019120568337984107,,0.024725114257277095,,,0.9448859353428581,-0.028148545683593807,2029.0,,1.3648944847681501,0.4161963332298962,0.004804570227861404,0.9127184756006603,1.0,,0.4450509352795922,0.001727025373838842,0.0270956608517052,,0.006308868993073702,-0.011279019532667885,,,,1.307101975046936,-0.030020714278743612,0.940713943662785,,1.332272422269697,1.0,,-0.023605667612858643,-0.02582280688288791,,,,1.5295435837127034,,,,0.9336454055201563,0.036124428120279425,1.3052714914901515,0.3839466744414769,0.40904138655752537,0.9395388664350806,,,0.004099932033568621,0.03391642421845455,"{'name': 'tac_vol_scaled_asym_return', 'column': 'target_tac_vol_scaled_asym_return_clipped', 'task_type': 'regression', 'prediction_horizon': 5}","{'_target_': 'src.cv.purged_kfold.SimplePurgedKFold', 'n_splits': 6, 'pct_embargo': 0.01}","{'boosting_type': 'gbdt', 'n_jobs': -1, 'random_state': 42, 'learning_rate': 0.05, 'num_leaves': 15, 'max_depth': 5, 'min_child_samples': 200, 'min_split_gain': 0.1, 'bagging_fraction': 0.8, 'feature_fraction': 0.8, 'lambda_l1': 1.0, 'lambda_l2': 1.0, 'is_unbalance': True, 'use_time_decay': True, 'time_decay_rate': 0.9999, 'bagging_freq': 5, 'verbose': -1, 'custom_objective': 'src.models.custom_objectives.custom_asymmetric_mse', 'custom_metric': 'src.models.custom_objectives.custom_asymmetric_mse_eval'}","{'name': 'TAC', 'description': '戦術モデル：短期的な売買タイミングの予測'}","{'type': 'master', 'path': '/Users/yuu/JPSForecast/data/master', 'format': 'pkl'}","{'name': 'LightGBM', '_target_': 'lightgbm.LGBMRegressor', 'use_gpu': True, 'preprocessor_target': 'src.preprocess.preprocess_lgbm.LGBMPreprocessor', 'model_target': 'src.models.lgbm_wrapper.LGBMWrapper', 'data_category': 'tabular'}",unknown,"{'tracking_uri': 'sqlite:////Users/yuu/JPSForecast/mlflow.db', 'experiment_name': 'Rough_Tuning'}","{'purge_days': 5, 'embargo_days': 40, 'pct_embargo': 0.01, 'n_splits': 6, 'n_test_chunks': 2, 'valid_start_date': '2024-01-01', 'test_start_date': '2025-01-01'}","{'name': 'tac_vol_scaled_asym_return', 'cat_cols': ['GOV_MarketSegment_CSR', 'GOV_MarketSegment_SNZ', 'GOV_Sector33Code_RAW', 'SEA_IsQuarterEnd_RAW', 'SEA_DayOfMonth_RAW', 'SEA_DayOfWeek_RAW']}",5df869206bf3485eafc99d8e1105f75a,Trial_41_LightGBM,train.py,LOCAL,a2f007f5f5014ad70795fd0b1377858a3347347b,yuu
139fedfc0a214c638998135336792471,16,FINISHED,/Users/yuu/JPSForecast/mlruns/16/139fedfc0a214c638998135336792471/artifacts,2026-04-13 16:43:34.421000+00:00,2026-04-13 16:50:31.136000+00:00,0.9795219271961335,0.4264686180786297,1.3304737646617655,,0.4065791556654889,406.0,0.9810073344888244,1.3896705107533336,0.00170848798006773,0.00522565608844161,0.42623214385511166,,,0.41166249711468894,,,0.4332209119483336,0.9336465757398318,,0.011108836404076741,1.276131657730083,0.003904251381754875,,-0.016525489080950643,0.4142641890397244,0.43650405897239003,,,,,,,0.4332665555905081,,0.001997001701965928,0.0011644769692793489,,0.0006825018208473921,0.3938396820241439,,,,,1.2615097043242687,0.9375103443059962,1.4514028411021753,,,,0.939056288304426,,0.0010206477519717379,0.9020422103773083,,1.3498332611900132,,,0.014546555701792628,0.9527708052103866,-0.0014968592440709472,,1.3614667312772295,,-0.02818313822790258,0.0037616880144923925,,,,,0.9519040046806662,,0.0005830074660480022,-0.025118640711711892,,0.008539316312431215,,,0.948014792948946,-0.02818313822790258,2029.0,,1.3652929586461713,0.41592796340314936,0.0030595033895224333,0.9137104222514031,1.0,,0.42146999061670903,0.001567050814628601,0.012133469101142885,,0.003108922392129898,-0.009566250529187092,,,,1.3228900841464335,-0.027863369439717605,0.9427291829311425,,1.3580853134793611,1.0,,-0.01896259909890812,-0.024233097251139583,,,,1.5199670295660324,,,,0.9366669186833313,0.019475460365747235,1.3370586766946297,0.3865634731642541,0.4030768209462594,0.9449680255257676,,,0.0039048241451382637,0.02999741836670157,"{'name': 'tac_vol_scaled_asym_return', 'column': 'target_tac_vol_scaled_asym_return_clipped', 'task_type': 'regression', 'prediction_horizon': 5}","{'_target_': 'src.cv.purged_kfold.SimplePurgedKFold', 'n_splits': 6, 'pct_embargo': 0.01}","{'boosting_type': 'gbdt', 'n_jobs': -1, 'random_state': 42, 'learning_rate': 0.05, 'num_leaves': 7, 'max_depth': 5, 'min_child_samples': 1000, 'min_split_gain': 0.1, 'bagging_fraction': 0.8, 'feature_fraction': 0.8, 'lambda_l1': 1.0, 'lambda_l2': 1.0, 'is_unbalance': True, 'use_time_decay': True, 'time_decay_rate': 0.9999, 'bagging_freq': 5, 'verbose': -1, 'custom_objective': 'src.models.custom_objectives.custom_asymmetric_mse', 'custom_metric': 'src.models.custom_objectives.custom_asymmetric_mse_eval'}","{'name': 'TAC', 'description': '戦術モデル：短期的な売買タイミングの予測'}","{'type': 'master', 'path': '/Users/yuu/JPSForecast/data/master', 'format': 'pkl'}","{'name': 'LightGBM', '_target_': 'lightgbm.LGBMRegressor', 'use_gpu': True, 'preprocessor_target': 'src.preprocess.preprocess_lgbm.LGBMPreprocessor', 'model_target': 'src.models.lgbm_wrapper.LGBMWrapper', 'data_category': 'tabular'}",unknown,"{'tracking_uri': 'sqlite:////Users/yuu/JPSForecast/mlflow.db', 'experiment_name': 'Rough_Tuning'}","{'purge_days': 5, 'embargo_days': 40, 'pct_embargo': 0.01, 'n_splits': 6, 'n_test_chunks': 2, 'valid_start_date': '2024-01-01', 'test_start_date': '2025-01-01'}","{'name': 'tac_vol_scaled_asym_return', 'cat_cols': ['GOV_MarketSegment_CSR', 'GOV_MarketSegment_SNZ', 'GOV_Sector33Code_RAW', 'SEA_IsQuarterEnd_RAW', 'SEA_DayOfMonth_RAW', 'SEA_DayOfWeek_RAW']}",5df869206bf3485eafc99d8e1105f75a,Trial_40_LightGBM,train.py,LOCAL,a2f007f5f5014ad70795fd0b1377858a3347347b,yuu
f290ed5a3ab746a187e1b991d5499185,16,FINISHED,/Users/yuu/JPSForecast/mlruns/16/f290ed5a3ab746a187e1b991d5499185/artifacts,2026-04-13 16:36:49.136000+00:00,2026-04-13 16:43:34.192000+00:00,0.9745981697777681,0.453679478192869,1.3174321971879746,,0.41004415009446665,406.0,0.9835710064497991,1.3868358332308157,0.0019379290752112865,0.006868168246001005,0.4306231409076526,,,0.43185092807917913,,,0.4405637885594797,0.9282736388732012,,0.022706296276030297,1.276654053304565,0.005265230778604746,,-0.013056856566291967,0.41012172379249495,0.4496040877471932,,,,,,,0.45931150666822235,,0.0046959067694842815,0.0015912569360807538,,0.0009556296863593161,0.39639582316105865,,,,,1.2617777445306995,0.9316964929116234,1.451107371223749,,,,0.9295654160885067,,0.006846293962960531,0.9001282563142273,,1.3325659773958654,,,0.017695657892256696,0.9527634056717882,-0.00047687641927041113,,1.334669947417387,,-0.026599404059815306,0.007543341256678104,,,,,0.9517597366406965,,-0.0011455294443294406,-0.023217681926439367,,0.018163403249232938,,,0.9471635187291088,-0.026599404059815306,2029.0,,1.3660905542290616,0.4228251494422885,0.006893857382237911,0.9129218152128444,1.0,,0.4420014895508758,0.0028288927860558033,0.02880596398838393,,0.006059074774384499,-0.0061987406321879655,,,,1.2899375413107077,-0.030517641216457007,0.9395357770702368,,1.3359028007399967,1.0,,-0.019406614726197587,-0.009130787779059887,,,,1.517694289475398,,,,0.9328916540015478,0.0486155462862314,1.3016277986756024,0.39114798515539595,0.40907626237811634,0.9393754390621855,,,0.004767156206071377,0.04136108581205873,"{'name': 'tac_vol_scaled_asym_return', 'column': 'target_tac_vol_scaled_asym_return_clipped', 'task_type': 'regression', 'prediction_horizon': 5}","{'_target_': 'src.cv.purged_kfold.SimplePurgedKFold', 'n_splits': 6, 'pct_embargo': 0.01}","{'boosting_type': 'gbdt', 'n_jobs': -1, 'random_state': 42, 'learning_rate': 0.05, 'num_leaves': 15, 'max_depth': 5, 'min_child_samples': 1000, 'min_split_gain': 0.1, 'bagging_fraction': 0.8, 'feature_fraction': 0.8, 'lambda_l1': 1.0, 'lambda_l2': 1.0, 'is_unbalance': True, 'use_time_decay': True, 'time_decay_rate': 0.9999, 'bagging_freq': 5, 'verbose': -1, 'custom_objective': 'src.models.custom_objectives.custom_asymmetric_mse', 'custom_metric': 'src.models.custom_objectives.custom_asymmetric_mse_eval'}","{'name': 'TAC', 'description': '戦術モデル：短期的な売買タイミングの予測'}","{'type': 'master', 'path': '/Users/yuu/JPSForecast/data/master', 'format': 'pkl'}","{'name': 'LightGBM', '_target_': 'lightgbm.LGBMRegressor', 'use_gpu': True, 'preprocessor_target': 'src.preprocess.preprocess_lgbm.LGBMPreprocessor', 'model_target': 'src.models.lgbm_wrapper.LGBMWrapper', 'data_category': 'tabular'}",unknown,"{'tracking_uri': 'sqlite:////Users/yuu/JPSForecast/mlflow.db', 'experiment_name': 'Rough_Tuning'}","{'purge_days': 5, 'embargo_days': 40, 'pct_embargo': 0.01, 'n_splits': 6, 'n_test_chunks': 2, 'valid_start_date': '2024-01-01', 'test_start_date': '2025-01-01'}","{'name': 'tac_vol_scaled_asym_return', 'cat_cols': ['GOV_MarketSegment_CSR', 'GOV_MarketSegment_SNZ', 'GOV_Sector33Code_RAW', 'SEA_IsQuarterEnd_RAW', 'SEA_DayOfMonth_RAW', 'SEA_DayOfWeek_RAW']}",5df869206bf3485eafc99d8e1105f75a,Trial_39_LightGBM,train.py,LOCAL,a2f007f5f5014ad70795fd0b1377858a3347347b,yuu
e0596bf8f92a4b33a9cfa2618b4f7bb3,16,FINISHED,/Users/yuu/JPSForecast/mlruns/16/e0596bf8f92a4b33a9cfa2618b4f7bb3/artifacts,2026-04-13 16:29:16.142000+00:00,2026-04-13 16:36:48.905000+00:00,0.9799808341008898,0.4328113586888024,1.3261730887778413,,0.4066021701897573,406.0,0.9849163484243392,1.3866948858038168,0.0015652389265596867,0.004641784820705652,0.427212280739364,,,0.42023440252063515,,,0.433305994936719,0.9334196828076226,,0.01084263992625021,1.2775381618550221,0.004696866497397423,,-0.017304246893453876,0.4113531894480348,0.4324180405792534,,,,,,,0.43169261499351896,,0.0031395298428833485,0.0012265316909179091,,8.215120033128187e-05,0.3925605742820484,,,,,1.260776124815949,0.936737307639272,1.45128111678475,,,,0.9393001094326734,,0.0022751111693742167,0.9021708529662128,,1.354191582627978,,,0.014033704912611324,0.9513507532924513,-0.0004502513038460165,,1.3611097359635242,,-0.026319508812650876,0.0035345153883099556,,,,,0.9629260860750133,,-0.0005817117053084075,-0.016345940046017356,,0.019735244647666454,,,0.9501237913581443,-0.026319508812650876,2029.0,,1.3655566792279399,0.4164523913557335,0.004060885403305292,0.9131103815091484,1.0,,0.42152413371032416,0.0019249593606218696,0.010611597491063794,,0.0030144089832901955,-0.0064864858704754055,,,,1.3129019317098396,-0.02919943367031067,0.9440911417087889,,1.351027497344427,1.0,,-0.022447943730962115,-0.01743102653037144,,,,1.5175216901612962,,,,0.9413081277256969,0.023248121570363933,1.337969220414797,0.38467078437831564,0.4075905934123309,0.945291845977926,,,0.0039042446296662092,0.02694855938691016,"{'name': 'tac_vol_scaled_asym_return', 'column': 'target_tac_vol_scaled_asym_return_clipped', 'task_type': 'regression', 'prediction_horizon': 5}","{'_target_': 'src.cv.purged_kfold.SimplePurgedKFold', 'n_splits': 6, 'pct_embargo': 0.01}","{'boosting_type': 'gbdt', 'n_jobs': -1, 'random_state': 42, 'learning_rate': 0.05, 'num_leaves': 7, 'max_depth': 5, 'min_child_samples': 2000, 'min_split_gain': 0.1, 'bagging_fraction': 0.8, 'feature_fraction': 0.8, 'lambda_l1': 1.0, 'lambda_l2': 1.0, 'is_unbalance': True, 'use_time_decay': True, 'time_decay_rate': 0.9999, 'bagging_freq': 5, 'verbose': -1, 'custom_objective': 'src.models.custom_objectives.custom_asymmetric_mse', 'custom_metric': 'src.models.custom_objectives.custom_asymmetric_mse_eval'}","{'name': 'TAC', 'description': '戦術モデル：短期的な売買タイミングの予測'}","{'type': 'master', 'path': '/Users/yuu/JPSForecast/data/master', 'format': 'pkl'}","{'name': 'LightGBM', '_target_': 'lightgbm.LGBMRegressor', 'use_gpu': True, 'preprocessor_target': 'src.preprocess.preprocess_lgbm.LGBMPreprocessor', 'model_target': 'src.models.lgbm_wrapper.LGBMWrapper', 'data_category': 'tabular'}",unknown,"{'tracking_uri': 'sqlite:////Users/yuu/JPSForecast/mlflow.db', 'experiment_name': 'Rough_Tuning'}","{'purge_days': 5, 'embargo_days': 40, 'pct_embargo': 0.01, 'n_splits': 6, 'n_test_chunks': 2, 'valid_start_date': '2024-01-01', 'test_start_date': '2025-01-01'}","{'name': 'tac_vol_scaled_asym_return', 'cat_cols': ['GOV_MarketSegment_CSR', 'GOV_MarketSegment_SNZ', 'GOV_Sector33Code_RAW', 'SEA_IsQuarterEnd_RAW', 'SEA_DayOfMonth_RAW', 'SEA_DayOfWeek_RAW']}",5df869206bf3485eafc99d8e1105f75a,Trial_38_LightGBM,train.py,LOCAL,a2f007f5f5014ad70795fd0b1377858a3347347b,yuu
8352325fbd8742e0bb97fcbe6d09f768,16,FINISHED,/Users/yuu/JPSForecast/mlruns/16/8352325fbd8742e0bb97fcbe6d09f768/artifacts,2026-04-13 16:22:18.335000+00:00,2026-04-13 16:29:15.923000+00:00,0.9773209375173283,0.46087971427887126,1.309648096761163,,0.4082677634828981,406.0,0.9840372263836488,1.3863582039928752,0.0022417933214455843,0.007898073643445969,0.4268841416667556,,,0.4281053978377448,,,0.4463836252854294,0.9263967669702126,,0.02786641772650786,1.2781248942346959,0.004586959723383188,,-0.01634748650468645,0.4100705745942753,0.4549739882811563,,,,,,,0.45897585714514033,,0.00448769424110651,0.0014973015058785677,,0.0007714066887274384,0.3995749055321883,,,,,1.2605565885774561,0.932436261247177,1.4516309120858781,,,,0.9300925111793333,,0.0007575685483004053,0.9009799959984011,,1.3250904688434433,,,0.023738930119914285,0.9541046204326649,-0.0004734209505841136,,1.3364294663071974,,-0.027851117315459806,0.007712641265243292,,,,,0.9479553228667299,,-0.0004609685274772346,-0.021515728272934104,,0.020258479210395614,,,0.9475996781529097,-0.027851117315459806,2029.0,,1.3649938254576437,0.41870056118102883,0.008021828718483448,0.9131648511018496,1.0,,0.4421737643763091,0.0021881749853491783,0.025770173338329462,,0.00581207312643528,-0.00862841440867069,,,,1.282985470293418,-0.031576850629926476,0.9372547429904773,,1.3383907191664048,1.0,,-0.02538590772695082,-0.00914110291255315,,,,1.5184935753535196,,,,0.9291757998226785,0.043043021654383194,1.30353133065371,0.38543217206955177,0.4089863571819507,0.9396255296201211,,,0.005877078976482153,0.04560860115538434,"{'name': 'tac_vol_scaled_asym_return', 'column': 'target_tac_vol_scaled_asym_return_clipped', 'task_type': 'regression', 'prediction_horizon': 5}","{'_target_': 'src.cv.purged_kfold.SimplePurgedKFold', 'n_splits': 6, 'pct_embargo': 0.01}","{'boosting_type': 'gbdt', 'n_jobs': -1, 'random_state': 42, 'learning_rate': 0.05, 'num_leaves': 15, 'max_depth': 5, 'min_child_samples': 500, 'min_split_gain': 0.1, 'bagging_fraction': 0.8, 'feature_fraction': 0.8, 'lambda_l1': 1.0, 'lambda_l2': 1.0, 'is_unbalance': True, 'use_time_decay': True, 'time_decay_rate': 0.9999, 'bagging_freq': 5, 'verbose': -1, 'custom_objective': 'src.models.custom_objectives.custom_asymmetric_mse', 'custom_metric': 'src.models.custom_objectives.custom_asymmetric_mse_eval'}","{'name': 'TAC', 'description': '戦術モデル：短期的な売買タイミングの予測'}","{'type': 'master', 'path': '/Users/yuu/JPSForecast/data/master', 'format': 'pkl'}","{'name': 'LightGBM', '_target_': 'lightgbm.LGBMRegressor', 'use_gpu': True, 'preprocessor_target': 'src.preprocess.preprocess_lgbm.LGBMPreprocessor', 'model_target': 'src.models.lgbm_wrapper.LGBMWrapper', 'data_category': 'tabular'}",unknown,"{'tracking_uri': 'sqlite:////Users/yuu/JPSForecast/mlflow.db', 'experiment_name': 'Rough_Tuning'}","{'purge_days': 5, 'embargo_days': 40, 'pct_embargo': 0.01, 'n_splits': 6, 'n_test_chunks': 2, 'valid_start_date': '2024-01-01', 'test_start_date': '2025-01-01'}","{'name': 'tac_vol_scaled_asym_return', 'cat_cols': ['GOV_MarketSegment_CSR', 'GOV_MarketSegment_SNZ', 'GOV_Sector33Code_RAW', 'SEA_IsQuarterEnd_RAW', 'SEA_DayOfMonth_RAW', 'SEA_DayOfWeek_RAW']}",5df869206bf3485eafc99d8e1105f75a,Trial_37_LightGBM,train.py,LOCAL,a2f007f5f5014ad70795fd0b1377858a3347347b,yuu
605fa3a7da4f45fa8965033c0aa3b3b6,16,FINISHED,/Users/yuu/JPSForecast/mlruns/16/605fa3a7da4f45fa8965033c0aa3b3b6/artifacts,2026-04-13 16:15:54.511000+00:00,2026-04-13 16:22:18.105000+00:00,0.9658373974719402,0.46216434773550535,1.309503572369918,,0.4092148098251551,406.0,0.9796490442594111,1.3851983448212677,0.0017423961544409394,0.009975246153771877,0.432877618633769,,,0.44683891481332605,,,0.4477155130695995,0.925474884910161,,0.0259443544555963,1.2788281188312114,0.0033899361733347178,,-0.013220237965050681,0.408439031263878,0.46883139177881406,,,,,,,0.4752124154396892,,0.00718225073069334,0.0012839589035138488,,0.0006703653489239514,0.39459548860355215,,,,,1.26240766634368,0.9234094513158742,1.4519863339224244,,,,0.925499681846581,,-0.0036320228904762972,0.9001551922542267,,1.3082178820074324,,,0.021319184541546573,0.9513129115392149,-8.846208220347762e-05,,1.3179969886880178,,-0.022799798527058046,0.010133507661521435,,,,,0.9507976490586333,,-0.001270884764380753,-0.008677329778182545,,0.028719154388631155,,,0.9443996141622821,-0.022799798527058046,2029.0,,1.3667639995634653,0.41840968659108624,0.008249962702393532,0.91250813731527,1.0,,0.4574892654574812,0.0030905369203537703,0.03680115120376851,,0.008434015326201916,-0.005222502028329116,,,,1.2826449197287109,-0.03211946107371421,0.9326013481470825,,1.3215540199452063,1.0,,-0.015524441174088929,-0.009628393846066537,,,,1.5162755111621624,,,,0.927988434430826,0.06434160917359379,1.28461316470184,0.3887319044691656,0.4120974187070912,0.9357221082440905,,,0.0061393301002681255,0.060083570843912054,"{'name': 'tac_vol_scaled_asym_return', 'column': 'target_tac_vol_scaled_asym_return_clipped', 'task_type': 'regression', 'prediction_horizon': 5}","{'_target_': 'src.cv.purged_kfold.SimplePurgedKFold', 'n_splits': 6, 'pct_embargo': 0.01}","{'boosting_type': 'gbdt', 'n_jobs': -1, 'random_state': 42, 'learning_rate': 0.05, 'num_leaves': 63, 'max_depth': 5, 'min_child_samples': 1000, 'min_split_gain': 0.1, 'bagging_fraction': 0.8, 'feature_fraction': 0.8, 'lambda_l1': 1.0, 'lambda_l2': 1.0, 'is_unbalance': True, 'use_time_decay': True, 'time_decay_rate': 0.9999, 'bagging_freq': 5, 'verbose': -1, 'custom_objective': 'src.models.custom_objectives.custom_asymmetric_mse', 'custom_metric': 'src.models.custom_objectives.custom_asymmetric_mse_eval'}","{'name': 'TAC', 'description': '戦術モデル：短期的な売買タイミングの予測'}","{'type': 'master', 'path': '/Users/yuu/JPSForecast/data/master', 'format': 'pkl'}","{'name': 'LightGBM', '_target_': 'lightgbm.LGBMRegressor', 'use_gpu': True, 'preprocessor_target': 'src.preprocess.preprocess_lgbm.LGBMPreprocessor', 'model_target': 'src.models.lgbm_wrapper.LGBMWrapper', 'data_category': 'tabular'}",unknown,"{'tracking_uri': 'sqlite:////Users/yuu/JPSForecast/mlflow.db', 'experiment_name': 'Rough_Tuning'}","{'purge_days': 5, 'embargo_days': 40, 'pct_embargo': 0.01, 'n_splits': 6, 'n_test_chunks': 2, 'valid_start_date': '2024-01-01', 'test_start_date': '2025-01-01'}","{'name': 'tac_vol_scaled_asym_return', 'cat_cols': ['GOV_MarketSegment_CSR', 'GOV_MarketSegment_SNZ', 'GOV_Sector33Code_RAW', 'SEA_IsQuarterEnd_RAW', 'SEA_DayOfMonth_RAW', 'SEA_DayOfWeek_RAW']}",5df869206bf3485eafc99d8e1105f75a,Trial_36_LightGBM,train.py,LOCAL,a2f007f5f5014ad70795fd0b1377858a3347347b,yuu
f903dcec74a84dda9ffa65d38a8bf1f0,16,FINISHED,/Users/yuu/JPSForecast/mlruns/16/f903dcec74a84dda9ffa65d38a8bf1f0/artifacts,2026-04-13 16:09:26.299000+00:00,2026-04-13 16:15:54.262000+00:00,0.9683133995011886,0.4656762479562925,1.3157714173587092,,0.4079852402961399,406.0,0.9853064118010207,1.3840811554916344,0.0017580267740413547,0.008419080637395382,0.42809754948139184,,,0.43825218749628014,,,0.44275125520625896,0.9234709184941007,,0.03971807534512631,1.2772967934485926,0.0035394292790442705,,-0.014757430704009658,0.4117679940287188,0.458165492184568,,,,,,,0.4603371674887566,,0.005892270710319281,0.0011169101344421506,,2.455931644362863e-05,0.39411290568015483,,,,,1.2632579070087386,0.924359556425638,1.4530483947134352,,,,0.9297471261931289,,0.004539357997531868,0.8982381178539626,,1.3195977553662344,,,0.018922054430273033,0.9514577330465823,0.00043127723620273173,,1.3346823963685805,,-0.022973720584315523,0.007751845754683018,,,,,0.9505970417780696,,-0.0008527975296601653,-0.014102918209817735,,0.03190717119761803,,,0.9458635312634655,-0.022973720584315523,2029.0,,1.3656348290084868,0.41749237171580006,0.00848303735256195,0.9140771751579805,1.0,,0.44221746500710446,0.0016691882628947496,0.02743638027968398,,0.0063219997100532055,-0.0025283426867052632,,,,1.2731657875764175,-0.030154438566242118,0.9359832044358222,,1.3285272546240077,1.0,,-0.015396509438644094,-0.0010299139009716113,,,,1.5153739191928195,,,,0.9293185569055908,0.05574768616967236,1.2987703152044563,0.38608863385218856,0.41051504699332664,0.9363238955256173,,,0.005370704922825098,0.05240201696764227,"{'name': 'tac_vol_scaled_asym_return', 'column': 'target_tac_vol_scaled_asym_return_clipped', 'task_type': 'regression', 'prediction_horizon': 5}","{'_target_': 'src.cv.purged_kfold.SimplePurgedKFold', 'n_splits': 6, 'pct_embargo': 0.01}","{'boosting_type': 'gbdt', 'n_jobs': -1, 'random_state': 42, 'learning_rate': 0.05, 'num_leaves': 63, 'max_depth': 5, 'min_child_samples': 2000, 'min_split_gain': 0.1, 'bagging_fraction': 0.8, 'feature_fraction': 0.8, 'lambda_l1': 1.0, 'lambda_l2': 1.0, 'is_unbalance': True, 'use_time_decay': True, 'time_decay_rate': 0.9999, 'bagging_freq': 5, 'verbose': -1, 'custom_objective': 'src.models.custom_objectives.custom_asymmetric_mse', 'custom_metric': 'src.models.custom_objectives.custom_asymmetric_mse_eval'}","{'name': 'TAC', 'description': '戦術モデル：短期的な売買タイミングの予測'}","{'type': 'master', 'path': '/Users/yuu/JPSForecast/data/master', 'format': 'pkl'}","{'name': 'LightGBM', '_target_': 'lightgbm.LGBMRegressor', 'use_gpu': True, 'preprocessor_target': 'src.preprocess.preprocess_lgbm.LGBMPreprocessor', 'model_target': 'src.models.lgbm_wrapper.LGBMWrapper', 'data_category': 'tabular'}",unknown,"{'tracking_uri': 'sqlite:////Users/yuu/JPSForecast/mlflow.db', 'experiment_name': 'Rough_Tuning'}","{'purge_days': 5, 'embargo_days': 40, 'pct_embargo': 0.01, 'n_splits': 6, 'n_test_chunks': 2, 'valid_start_date': '2024-01-01', 'test_start_date': '2025-01-01'}","{'name': 'tac_vol_scaled_asym_return', 'cat_cols': ['GOV_MarketSegment_CSR', 'GOV_MarketSegment_SNZ', 'GOV_Sector33Code_RAW', 'SEA_IsQuarterEnd_RAW', 'SEA_DayOfMonth_RAW', 'SEA_DayOfWeek_RAW']}",5df869206bf3485eafc99d8e1105f75a,Trial_35_LightGBM,train.py,LOCAL,a2f007f5f5014ad70795fd0b1377858a3347347b,yuu
88abd28bf31d4818acb11c6793bcb663,16,FINISHED,/Users/yuu/JPSForecast/mlruns/16/88abd28bf31d4818acb11c6793bcb663/artifacts,2026-04-13 16:02:41.132000+00:00,2026-04-13 16:09:26.060000+00:00,0.9662309071738278,0.4627177977146316,1.3023807337142952,,0.40734974727063905,406.0,0.9808850884699205,1.3839849301591307,0.0015943612670525908,0.012745598331093788,0.43007530240755215,,,0.4552742886170041,,,0.4540274572861863,0.922217587377667,,0.02249951839497499,1.2796972797027522,0.00395235838368535,,-0.01145045237282306,0.4107164935710099,0.4865571487795174,,,,,,,0.5124179539820664,,0.008396840654313564,0.00135725864674896,,0.001184383174404502,0.38616704143003894,,,,,1.2629071037543624,0.9223469798046106,1.452929232562452,,,,0.9153048339973797,,0.004844287054974769,0.8995731985138142,,1.2939164254929385,,,0.024344681376990113,0.9545614436129044,-0.00030574019183404744,,1.3111895301675904,,-0.024119645549692707,0.016772402450442314,,,,,0.951696464663465,,-0.00046798193943686783,-0.010613855316636714,,0.031204873351410117,,,0.9452776943524686,-0.024119645549692707,2029.0,,1.3666982114578556,0.4182096027879671,0.008534995838999748,0.912515463225992,1.0,,0.4667988918296156,0.002065244596451521,0.04063505992347355,,0.009411957114934921,-0.006313728248409238,,,,1.2843216406045828,-0.02681140030167782,0.9292504887005067,,1.314369840304028,1.0,,-0.014945120799775505,-0.023936594529996167,,,,1.529196017540983,,,,0.9276222432480824,0.08937874474617077,1.2521344470037168,0.3913562482416675,0.4077057999650591,0.9335075713368006,,,0.006972283590584993,0.06613554872594453,"{'name': 'tac_vol_scaled_asym_return', 'column': 'target_tac_vol_scaled_asym_return_clipped', 'task_type': 'regression', 'prediction_horizon': 5}","{'_target_': 'src.cv.purged_kfold.SimplePurgedKFold', 'n_splits': 6, 'pct_embargo': 0.01}","{'boosting_type': 'gbdt', 'n_jobs': -1, 'random_state': 42, 'learning_rate': 0.05, 'num_leaves': 63, 'max_depth': 5, 'min_child_samples': 200, 'min_split_gain': 0.1, 'bagging_fraction': 0.8, 'feature_fraction': 0.8, 'lambda_l1': 1.0, 'lambda_l2': 1.0, 'is_unbalance': True, 'use_time_decay': True, 'time_decay_rate': 0.9999, 'bagging_freq': 5, 'verbose': -1, 'custom_objective': 'src.models.custom_objectives.custom_asymmetric_mse', 'custom_metric': 'src.models.custom_objectives.custom_asymmetric_mse_eval'}","{'name': 'TAC', 'description': '戦術モデル：短期的な売買タイミングの予測'}","{'type': 'master', 'path': '/Users/yuu/JPSForecast/data/master', 'format': 'pkl'}","{'name': 'LightGBM', '_target_': 'lightgbm.LGBMRegressor', 'use_gpu': True, 'preprocessor_target': 'src.preprocess.preprocess_lgbm.LGBMPreprocessor', 'model_target': 'src.models.lgbm_wrapper.LGBMWrapper', 'data_category': 'tabular'}",unknown,"{'tracking_uri': 'sqlite:////Users/yuu/JPSForecast/mlflow.db', 'experiment_name': 'Rough_Tuning'}","{'purge_days': 5, 'embargo_days': 40, 'pct_embargo': 0.01, 'n_splits': 6, 'n_test_chunks': 2, 'valid_start_date': '2024-01-01', 'test_start_date': '2025-01-01'}","{'name': 'tac_vol_scaled_asym_return', 'cat_cols': ['GOV_MarketSegment_CSR', 'GOV_MarketSegment_SNZ', 'GOV_Sector33Code_RAW', 'SEA_IsQuarterEnd_RAW', 'SEA_DayOfMonth_RAW', 'SEA_DayOfWeek_RAW']}",5df869206bf3485eafc99d8e1105f75a,Trial_34_LightGBM,train.py,LOCAL,a2f007f5f5014ad70795fd0b1377858a3347347b,yuu
df36817d6e4b4ec8aaa263e4cf8874ea,16,FINISHED,/Users/yuu/JPSForecast/mlruns/16/df36817d6e4b4ec8aaa263e4cf8874ea/artifacts,2026-04-13 15:55:51.592000+00:00,2026-04-13 16:02:40.890000+00:00,0.9783444957653848,0.4260482140514513,1.3309498157683528,,0.40389956018433093,406.0,0.9821653911535649,1.3893527378196686,0.0007170704775489867,0.0044791363179683685,0.42446416587639335,,,0.41447497756475243,,,0.43165096160340155,0.9327697096654,,0.011422966371943519,1.2758479814846015,0.002484738128259778,,-0.014464603234141764,0.4117605542079525,0.4347109010022555,,,,,,,0.4363548181931134,,0.0022418959997594357,0.0005823173560202122,,0.0004024590889457613,0.3860564874250793,,,,,1.2611174059099164,0.9378145288649783,1.4499940561867068,,,,0.938960190478564,,0.0020200234535282875,0.9026278647533024,,1.3563895708255496,,,0.01323994794331992,0.950669741352939,-0.0010720560094341636,,1.3619099756192448,,-0.02522110504234274,0.004030453972518444,,,,,0.9515293242958109,,-0.0005118991248309612,-0.022228938855760192,,0.006728059860923151,,,0.9476188611683475,-0.02522110504234274,2029.0,,1.3660239809949297,0.4121451422169324,0.003162726992741227,0.9130441970880357,1.0,,0.4237074789808413,0.0014008920406922698,0.012358223253733563,,0.002986730309203267,-0.007785141201287577,,,,1.3237290002882585,-0.027735335761244425,0.9445491454356381,,1.3575663364899913,1.0,,-0.014217363320162395,-0.019054123787915857,,,,1.5261721560903223,,,,0.9364951831880359,0.017255178996821337,1.3368121503256447,0.38532990246544413,0.40407313374995707,0.9451245086275815,,,0.003611666150391102,0.0259674861499661,"{'name': 'tac_vol_scaled_asym_return', 'column': 'target_tac_vol_scaled_asym_return_clipped', 'task_type': 'regression', 'prediction_horizon': 5}","{'_target_': 'src.cv.purged_kfold.SimplePurgedKFold', 'n_splits': 6, 'pct_embargo': 0.01}","{'boosting_type': 'gbdt', 'n_jobs': -1, 'random_state': 42, 'learning_rate': 0.05, 'num_leaves': 7, 'max_depth': 5, 'min_child_samples': 200, 'min_split_gain': 0.1, 'bagging_fraction': 0.8, 'feature_fraction': 0.8, 'lambda_l1': 1.0, 'lambda_l2': 1.0, 'is_unbalance': True, 'use_time_decay': True, 'time_decay_rate': 0.9999, 'bagging_freq': 5, 'verbose': -1, 'custom_objective': 'src.models.custom_objectives.custom_asymmetric_mse', 'custom_metric': 'src.models.custom_objectives.custom_asymmetric_mse_eval'}","{'name': 'TAC', 'description': '戦術モデル：短期的な売買タイミングの予測'}","{'type': 'master', 'path': '/Users/yuu/JPSForecast/data/master', 'format': 'pkl'}","{'name': 'LightGBM', '_target_': 'lightgbm.LGBMRegressor', 'use_gpu': True, 'preprocessor_target': 'src.preprocess.preprocess_lgbm.LGBMPreprocessor', 'model_target': 'src.models.lgbm_wrapper.LGBMWrapper', 'data_category': 'tabular'}",unknown,"{'tracking_uri': 'sqlite:////Users/yuu/JPSForecast/mlflow.db', 'experiment_name': 'Rough_Tuning'}","{'purge_days': 5, 'embargo_days': 40, 'pct_embargo': 0.01, 'n_splits': 6, 'n_test_chunks': 2, 'valid_start_date': '2024-01-01', 'test_start_date': '2025-01-01'}","{'name': 'tac_vol_scaled_asym_return', 'cat_cols': ['GOV_MarketSegment_CSR', 'GOV_MarketSegment_SNZ', 'GOV_Sector33Code_RAW', 'SEA_IsQuarterEnd_RAW', 'SEA_DayOfMonth_RAW', 'SEA_DayOfWeek_RAW']}",5df869206bf3485eafc99d8e1105f75a,Trial_33_LightGBM,train.py,LOCAL,a2f007f5f5014ad70795fd0b1377858a3347347b,yuu
47d1bec89e7441abb3bcbf373a6420bb,16,FINISHED,/Users/yuu/JPSForecast/mlruns/16/47d1bec89e7441abb3bcbf373a6420bb/artifacts,2026-04-13 15:48:37.499000+00:00,2026-04-13 15:55:51.334000+00:00,0.9799806580213777,0.4239610681789291,1.330568088823219,,0.4055840202795348,406.0,0.97672533510387,1.389536153715509,0.0013911414425820112,0.004323706030845642,0.4258729528610657,,,0.4123741578427123,,,0.4314951942246052,0.9328454110482663,,0.01093197997564593,1.2759132268508537,0.003361387411132455,,-0.015159318417792268,0.4143099949484771,0.4315315119027685,,,,,,,0.4390570415351466,,0.001976393163204193,0.0011545269517228007,,0.0003213195304851979,0.39169352649188166,,,,,1.2618684225367787,0.9376507963931379,1.4511271686314589,,,,0.9367230806975592,,-0.000982020376460477,0.9021768884120993,,1.3592440065122535,,,0.014522845334621408,0.9534550849961222,-0.0007219093386083841,,1.3615923882426089,,-0.027567503736721875,0.004790343344211578,,,,,0.9511223931577248,,0.00014755302981939167,-0.02010066547844046,,0.00975692533468981,,,0.9472930522142698,-0.027567503736721875,2029.0,,1.3648258932102189,0.4116695379938833,0.0028980690985918045,0.9136757391535085,1.0,,0.4229883526685588,0.002359401434659958,0.01176974214220421,,0.003272684756666422,-0.010739553632971733,,,,1.323900368366999,-0.028348672464324102,0.9454192616737728,,1.3582330565796157,1.0,,-0.01673855094021825,-0.028353305831567647,,,,1.519322831846067,,,,0.9365709663856763,0.026442741649311447,1.3293475923059606,0.38444265533871713,0.40600825369265053,0.9449247352784029,,,0.0036317387130111456,0.022572158986713817,"{'name': 'tac_vol_scaled_asym_return', 'column': 'target_tac_vol_scaled_asym_return_clipped', 'task_type': 'regression', 'prediction_horizon': 5}","{'_target_': 'src.cv.purged_kfold.SimplePurgedKFold', 'n_splits': 6, 'pct_embargo': 0.01}","{'boosting_type': 'gbdt', 'n_jobs': -1, 'random_state': 42, 'learning_rate': 0.05, 'num_leaves': 7, 'max_depth': 5, 'min_child_samples': 500, 'min_split_gain': 0.1, 'bagging_fraction': 0.8, 'feature_fraction': 0.8, 'lambda_l1': 1.0, 'lambda_l2': 1.0, 'is_unbalance': True, 'use_time_decay': True, 'time_decay_rate': 0.9999, 'bagging_freq': 5, 'verbose': -1, 'custom_objective': 'src.models.custom_objectives.custom_asymmetric_mse', 'custom_metric': 'src.models.custom_objectives.custom_asymmetric_mse_eval'}","{'name': 'TAC', 'description': '戦術モデル：短期的な売買タイミングの予測'}","{'type': 'master', 'path': '/Users/yuu/JPSForecast/data/master', 'format': 'pkl'}","{'name': 'LightGBM', '_target_': 'lightgbm.LGBMRegressor', 'use_gpu': True, 'preprocessor_target': 'src.preprocess.preprocess_lgbm.LGBMPreprocessor', 'model_target': 'src.models.lgbm_wrapper.LGBMWrapper', 'data_category': 'tabular'}",unknown,"{'tracking_uri': 'sqlite:////Users/yuu/JPSForecast/mlflow.db', 'experiment_name': 'Rough_Tuning'}","{'purge_days': 5, 'embargo_days': 40, 'pct_embargo': 0.01, 'n_splits': 6, 'n_test_chunks': 2, 'valid_start_date': '2024-01-01', 'test_start_date': '2025-01-01'}","{'name': 'tac_vol_scaled_asym_return', 'cat_cols': ['GOV_MarketSegment_CSR', 'GOV_MarketSegment_SNZ', 'GOV_Sector33Code_RAW', 'SEA_IsQuarterEnd_RAW', 'SEA_DayOfMonth_RAW', 'SEA_DayOfWeek_RAW']}",5df869206bf3485eafc99d8e1105f75a,Trial_32_LightGBM,train.py,LOCAL,a2f007f5f5014ad70795fd0b1377858a3347347b,yuu
882a4479f83b4348b991d5b9ce22dc9b,16,FINISHED,/Users/yuu/JPSForecast/mlruns/16/882a4479f83b4348b991d5b9ce22dc9b/artifacts,2026-04-13 15:42:04.156000+00:00,2026-04-13 15:48:37.227000+00:00,0.9754541252644132,0.45813810766910673,1.2954805523585295,,0.40876965989510883,406.0,0.9720574890235206,1.388805334183396,0.0010160870151594281,0.009597131982445717,0.42868549084806185,,,0.4531654863315958,,,0.461150277375861,0.9228212480930164,,0.0203252169759301,1.2793440732113466,0.0033942831214517355,,-0.015431279982422616,0.41346121781573314,0.46746734710626564,,,,,,,0.49316614619585786,,0.008380540646612644,0.0010532978922128677,,0.0012392171192914248,0.39488506921624617,,,,,1.2618281770790758,0.9275093523460141,1.4515925126004645,,,,0.9198588232302429,,0.0013089343322801258,0.8997901191319614,,1.3119164235536784,,,0.03235662272755644,0.9520701841805912,-0.0004920014762319624,,1.3159536155610343,,-0.028841526475277244,0.013177748769521713,,,,,0.9571000659652814,,-0.001000780612230301,-0.007597423859987359,,0.0338908559127926,,,0.9456971847027106,-0.028841526475277244,2029.0,,1.366990213109161,0.41441653821230434,0.0076444437727332115,0.9128902698803577,1.0,,0.4621961906271435,0.002027082722634077,0.037994431362544295,,0.009010259062051773,-0.009012449277916411,,,,1.2874468364943148,-0.036739094410078096,0.9345693514809676,,1.315219592976073,1.0,,-0.017634213696207116,-0.024574111940537664,,,,1.51981024757158,,,,0.9299984167066685,0.07574462681989078,1.2677576051924178,0.39177444087787944,0.4096305642042628,0.934285628686196,,,0.008052372373640537,0.05319204312548415,"{'name': 'tac_vol_scaled_asym_return', 'column': 'target_tac_vol_scaled_asym_return_clipped', 'task_type': 'regression', 'prediction_horizon': 5}","{'_target_': 'src.cv.purged_kfold.SimplePurgedKFold', 'n_splits': 6, 'pct_embargo': 0.01}","{'boosting_type': 'gbdt', 'n_jobs': -1, 'random_state': 42, 'learning_rate': 0.05, 'num_leaves': 63, 'max_depth': 5, 'min_child_samples': 500, 'min_split_gain': 0.1, 'bagging_fraction': 0.8, 'feature_fraction': 0.8, 'lambda_l1': 1.0, 'lambda_l2': 1.0, 'is_unbalance': True, 'use_time_decay': True, 'time_decay_rate': 0.9999, 'bagging_freq': 5, 'verbose': -1, 'custom_objective': 'src.models.custom_objectives.custom_asymmetric_mse', 'custom_metric': 'src.models.custom_objectives.custom_asymmetric_mse_eval'}","{'name': 'TAC', 'description': '戦術モデル：短期的な売買タイミングの予測'}","{'type': 'master', 'path': '/Users/yuu/JPSForecast/data/master', 'format': 'pkl'}","{'name': 'LightGBM', '_target_': 'lightgbm.LGBMRegressor', 'use_gpu': True, 'preprocessor_target': 'src.preprocess.preprocess_lgbm.LGBMPreprocessor', 'model_target': 'src.models.lgbm_wrapper.LGBMWrapper', 'data_category': 'tabular'}",unknown,"{'tracking_uri': 'sqlite:////Users/yuu/JPSForecast/mlflow.db', 'experiment_name': 'Rough_Tuning'}","{'purge_days': 5, 'embargo_days': 40, 'pct_embargo': 0.01, 'n_splits': 6, 'n_test_chunks': 2, 'valid_start_date': '2024-01-01', 'test_start_date': '2025-01-01'}","{'name': 'tac_vol_scaled_asym_return', 'cat_cols': ['GOV_MarketSegment_CSR', 'GOV_MarketSegment_SNZ', 'GOV_Sector33Code_RAW', 'SEA_IsQuarterEnd_RAW', 'SEA_DayOfMonth_RAW', 'SEA_DayOfWeek_RAW']}",5df869206bf3485eafc99d8e1105f75a,Trial_31_LightGBM,train.py,LOCAL,a2f007f5f5014ad70795fd0b1377858a3347347b,yuu
be231365669449e59b94a189771a8269,16,FINISHED,/Users/yuu/JPSForecast/mlruns/16/be231365669449e59b94a189771a8269/artifacts,2026-04-13 15:35:47.718000+00:00,2026-04-13 15:42:03.923000+00:00,0.9672802880190702,0.48763213463350197,1.2835811944195756,,0.40858142566861183,406.0,0.9829656489065972,1.3859390503346272,0.0019492676947265863,0.011042210273444653,0.42892181928466155,,,0.45869770982088737,,,0.46178006827920887,0.9176028271069233,,0.0597038482041311,1.2805684304359466,0.0038955691270530224,,-0.012106642450885104,0.4071000310829904,0.4748641388789067,,,,,,,0.4973449724845182,,0.009156628511846066,0.0012358842650428414,,0.0010045283706858754,0.39787479197200537,,,,,1.2638434751638195,0.9189015457773396,1.452313221038278,,,,0.9159978640148005,,0.008041995079722595,0.8964974011309157,,1.2892359146682872,,,0.04052923441422846,0.9544385678346509,3.2055730116553605e-05,,1.29787303616811,,-0.02321469935700664,0.013565579429268837,,,,,0.9528842592757935,,-0.0014963556313887239,-0.011309603373625741,,0.05273897930589127,,,0.9452383598360601,-0.02321469935700664,2029.0,,1.3670646651368104,0.4202716741279443,0.011871409602463245,0.91074906585119,1.0,,0.4634415905866426,0.0018501700833439827,0.05554533558385869,,0.009217617101967335,-0.0011986496540091142,,,,1.2461733965280184,-0.03492187494555815,0.9297750496071444,,1.294045039338868,1.0,,5.732351693244967e-06,-0.009507545779371938,,,,1.516959384676245,,,,0.9230891732730578,0.09751381375785001,1.2496154268882698,0.38478816620719114,0.41234903068093287,0.9274439312906719,,,0.008289559744298458,0.07160952111679256,"{'name': 'tac_vol_scaled_asym_return', 'column': 'target_tac_vol_scaled_asym_return_clipped', 'task_type': 'regression', 'prediction_horizon': 5}","{'_target_': 'src.cv.purged_kfold.SimplePurgedKFold', 'n_splits': 6, 'pct_embargo': 0.01}","{'boosting_type': 'gbdt', 'n_jobs': -1, 'random_state': 42, 'learning_rate': 0.05, 'num_leaves': 63, 'max_depth': 7, 'min_child_samples': 2000, 'min_split_gain': 0.1, 'bagging_fraction': 0.8, 'feature_fraction': 0.8, 'lambda_l1': 1.0, 'lambda_l2': 1.0, 'is_unbalance': True, 'use_time_decay': True, 'time_decay_rate': 0.9999, 'bagging_freq': 5, 'verbose': -1, 'custom_objective': 'src.models.custom_objectives.custom_asymmetric_mse', 'custom_metric': 'src.models.custom_objectives.custom_asymmetric_mse_eval'}","{'name': 'TAC', 'description': '戦術モデル：短期的な売買タイミングの予測'}","{'type': 'master', 'path': '/Users/yuu/JPSForecast/data/master', 'format': 'pkl'}","{'name': 'LightGBM', '_target_': 'lightgbm.LGBMRegressor', 'use_gpu': True, 'preprocessor_target': 'src.preprocess.preprocess_lgbm.LGBMPreprocessor', 'model_target': 'src.models.lgbm_wrapper.LGBMWrapper', 'data_category': 'tabular'}",unknown,"{'tracking_uri': 'sqlite:////Users/yuu/JPSForecast/mlflow.db', 'experiment_name': 'Rough_Tuning'}","{'purge_days': 5, 'embargo_days': 40, 'pct_embargo': 0.01, 'n_splits': 6, 'n_test_chunks': 2, 'valid_start_date': '2024-01-01', 'test_start_date': '2025-01-01'}","{'name': 'tac_vol_scaled_asym_return', 'cat_cols': ['GOV_MarketSegment_CSR', 'GOV_MarketSegment_SNZ', 'GOV_Sector33Code_RAW', 'SEA_IsQuarterEnd_RAW', 'SEA_DayOfMonth_RAW', 'SEA_DayOfWeek_RAW']}",5df869206bf3485eafc99d8e1105f75a,Trial_30_LightGBM,train.py,LOCAL,a2f007f5f5014ad70795fd0b1377858a3347347b,yuu
8fe37510f5e8427b97c72f0075794bab,16,FINISHED,/Users/yuu/JPSForecast/mlruns/16/8fe37510f5e8427b97c72f0075794bab/artifacts,2026-04-13 15:27:44.807000+00:00,2026-04-13 15:35:47.460000+00:00,0.9811714782889192,0.43458288500257886,1.3214786908241254,,0.4075568703247716,406.0,0.9871586474005188,1.390575192741251,0.0020116562955081463,0.005932316184043884,0.42513979156033205,,,0.41177038253256554,,,0.44044646699826173,0.9331998411157761,,0.012993289395298438,1.2754127879382406,0.004600171465426683,,-0.012812606956632321,0.4142805032996641,0.4427243648306671,,,,,,,0.4330280456049978,,0.0017971097258850932,0.0013487061951309443,,0.0006991858244873583,0.3965391495069369,,,,,1.26072143268095,0.9352473470570088,1.4502836841050277,,,,0.9384615485552922,,0.0007309279433978613,0.901518928334934,,1.3386969808346776,,,0.019590807623121445,0.9530567981324838,-0.0005061938427388668,,1.3625449273351016,,-0.028022599497320187,0.003795744152739644,,,,,0.9504992847199432,,-7.516663026763126e-05,-0.024869601615220453,,0.011016197976532742,,,0.9493517330392464,-0.028022599497320187,2029.0,,1.3655380525571756,0.41679472891315916,0.0041098324581980705,0.9142950294772955,1.0,,0.4209491862127047,0.0012681582011282444,0.0113818038536886,,0.002904997207224369,-0.009573278992457857,,,,1.3114118059889528,-0.02833450421205861,0.9395138473170594,,1.358316654736056,1.0,,-0.020416695861772496,-0.02386906028250488,,,,1.5174309061072517,,,,0.9358942932924439,0.021130374582029286,1.3359466742753847,0.38502060981155767,0.4079300361763683,0.9448049631057959,,,0.005062536336481571,0.040001760741929224,"{'name': 'tac_vol_scaled_asym_return', 'column': 'target_tac_vol_scaled_asym_return_clipped', 'task_type': 'regression', 'prediction_horizon': 5}","{'_target_': 'src.cv.purged_kfold.SimplePurgedKFold', 'n_splits': 6, 'pct_embargo': 0.01}","{'boosting_type': 'gbdt', 'n_jobs': -1, 'random_state': 42, 'learning_rate': 0.05, 'num_leaves': 7, 'max_depth': 7, 'min_child_samples': 1000, 'min_split_gain': 0.1, 'bagging_fraction': 0.8, 'feature_fraction': 0.8, 'lambda_l1': 1.0, 'lambda_l2': 1.0, 'is_unbalance': True, 'use_time_decay': True, 'time_decay_rate': 0.9999, 'bagging_freq': 5, 'verbose': -1, 'custom_objective': 'src.models.custom_objectives.custom_asymmetric_mse', 'custom_metric': 'src.models.custom_objectives.custom_asymmetric_mse_eval'}","{'name': 'TAC', 'description': '戦術モデル：短期的な売買タイミングの予測'}","{'type': 'master', 'path': '/Users/yuu/JPSForecast/data/master', 'format': 'pkl'}","{'name': 'LightGBM', '_target_': 'lightgbm.LGBMRegressor', 'use_gpu': True, 'preprocessor_target': 'src.preprocess.preprocess_lgbm.LGBMPreprocessor', 'model_target': 'src.models.lgbm_wrapper.LGBMWrapper', 'data_category': 'tabular'}",unknown,"{'tracking_uri': 'sqlite:////Users/yuu/JPSForecast/mlflow.db', 'experiment_name': 'Rough_Tuning'}","{'purge_days': 5, 'embargo_days': 40, 'pct_embargo': 0.01, 'n_splits': 6, 'n_test_chunks': 2, 'valid_start_date': '2024-01-01', 'test_start_date': '2025-01-01'}","{'name': 'tac_vol_scaled_asym_return', 'cat_cols': ['GOV_MarketSegment_CSR', 'GOV_MarketSegment_SNZ', 'GOV_Sector33Code_RAW', 'SEA_IsQuarterEnd_RAW', 'SEA_DayOfMonth_RAW', 'SEA_DayOfWeek_RAW']}",5df869206bf3485eafc99d8e1105f75a,Trial_29_LightGBM,train.py,LOCAL,a2f007f5f5014ad70795fd0b1377858a3347347b,yuu
17fac7efdb4445c381159c93cbb5214d,16,FINISHED,/Users/yuu/JPSForecast/mlruns/16/17fac7efdb4445c381159c93cbb5214d/artifacts,2026-04-13 15:20:22.889000+00:00,2026-04-13 15:27:44.565000+00:00,0.9806502986949518,0.42489749952733147,1.328867895071519,,0.40366214934303757,406.0,0.9756669719256198,1.3837821693555485,0.0014643839094787836,0.0060437931679189205,0.4232474774012206,,,0.41761096846192947,,,0.43552531189245447,0.9311047323210222,,0.010780119674950047,1.2768195967373537,0.0033983176108449697,,-0.0170784458472131,0.4099830368205521,0.44212798633509415,,,,,,,0.4388458410175669,,0.003022347344085574,0.0007469708798453212,,0.0005434503545984626,0.38632505666520606,,,,,1.2608732605048516,0.9374262121282537,1.4498915858852992,,,,0.9363183773966367,,0.004477656040088851,0.9027774200406095,,1.3464338901863409,,,0.015818577346350424,0.9519815051418585,-0.0011344852391630411,,1.3641804848372507,,-0.02720983975306101,0.004373902454972267,,,,,0.9548354058668148,,-0.0006345740985125303,-0.01738861667444389,,0.012053114157905193,,,0.9478073212477267,-0.02720983975306101,2029.0,,1.366349869292383,0.4131384081199632,0.0028796286787837744,0.9150120783908696,1.0,,0.4257075947438995,0.0007543450919911265,0.00929955923797557,,0.003515543881803751,-0.008845068480544026,,,,1.3251840687666514,-0.029666849219635402,0.9424225633523836,,1.3585882852599287,1.0,,-0.012806526985068206,-0.025539502239115327,,,,1.5242069679011292,,,,0.9382074353214563,0.030705475521231224,1.3270745919071296,0.38661867873960326,0.4029950869569176,0.9449574411662842,,,0.004188097547739744,0.033024977290450015,"{'name': 'tac_vol_scaled_asym_return', 'column': 'target_tac_vol_scaled_asym_return_clipped', 'task_type': 'regression', 'prediction_horizon': 5}","{'_target_': 'src.cv.purged_kfold.SimplePurgedKFold', 'n_splits': 6, 'pct_embargo': 0.01}","{'boosting_type': 'gbdt', 'n_jobs': -1, 'random_state': 42, 'learning_rate': 0.05, 'num_leaves': 31, 'max_depth': 3, 'min_child_samples': 200, 'min_split_gain': 0.1, 'bagging_fraction': 0.8, 'feature_fraction': 0.8, 'lambda_l1': 1.0, 'lambda_l2': 1.0, 'is_unbalance': True, 'use_time_decay': True, 'time_decay_rate': 0.9999, 'bagging_freq': 5, 'verbose': -1, 'custom_objective': 'src.models.custom_objectives.custom_asymmetric_mse', 'custom_metric': 'src.models.custom_objectives.custom_asymmetric_mse_eval'}","{'name': 'TAC', 'description': '戦術モデル：短期的な売買タイミングの予測'}","{'type': 'master', 'path': '/Users/yuu/JPSForecast/data/master', 'format': 'pkl'}","{'name': 'LightGBM', '_target_': 'lightgbm.LGBMRegressor', 'use_gpu': True, 'preprocessor_target': 'src.preprocess.preprocess_lgbm.LGBMPreprocessor', 'model_target': 'src.models.lgbm_wrapper.LGBMWrapper', 'data_category': 'tabular'}",unknown,"{'tracking_uri': 'sqlite:////Users/yuu/JPSForecast/mlflow.db', 'experiment_name': 'Rough_Tuning'}","{'purge_days': 5, 'embargo_days': 40, 'pct_embargo': 0.01, 'n_splits': 6, 'n_test_chunks': 2, 'valid_start_date': '2024-01-01', 'test_start_date': '2025-01-01'}","{'name': 'tac_vol_scaled_asym_return', 'cat_cols': ['GOV_MarketSegment_CSR', 'GOV_MarketSegment_SNZ', 'GOV_Sector33Code_RAW', 'SEA_IsQuarterEnd_RAW', 'SEA_DayOfMonth_RAW', 'SEA_DayOfWeek_RAW']}",5df869206bf3485eafc99d8e1105f75a,Trial_28_LightGBM,train.py,LOCAL,a2f007f5f5014ad70795fd0b1377858a3347347b,yuu
5cf6d8baa74e4786b31863e2d337e8e3,16,FINISHED,/Users/yuu/JPSForecast/mlruns/16/5cf6d8baa74e4786b31863e2d337e8e3/artifacts,2026-04-13 15:14:00.218000+00:00,2026-04-13 15:20:22.669000+00:00,0.9735445769005858,0.4700902504459902,1.2801781012266369,,0.4086512189409398,406.0,0.9800134448408855,1.388753793325993,0.0017372959991917014,0.012398344464600086,0.4283181099334174,,,0.45498016866076174,,,0.4669135258959065,0.9217278697969689,,0.031231461786046927,1.2788162846852347,0.003085596254095435,,-0.013989950593828907,0.41158742763413136,0.48717087322343783,,,,,,,0.4901885900653775,,0.008086931891739368,0.0011634852271527052,,0.0005771968280896544,0.3953745268633062,,,,,1.2620312731484964,0.9240463644093566,1.452666254799194,,,,0.921461954700805,,-0.002129701100082803,0.8997625261708811,,1.2868294126829403,,,0.038004298281183,0.9531882601155108,0.0006162817007862031,,1.2891942092286544,,-0.02398316473350459,0.012334355153143406,,,,,0.9530465999202327,,-0.0008409010479226708,-0.022191888622072855,,0.03634818504683915,,,0.9463360007839599,-0.02398316473350459,2029.0,,1.3657815154069017,0.4143858732867616,0.00915558636188507,0.911987049274751,1.0,,0.4802567560476913,0.001672441023401916,0.05461252309092754,,0.011332634836435318,-0.007050664007748574,,,,1.2673661277436286,-0.0292686733031836,0.928365903397906,,1.3006502730631326,1.0,,-0.011837883439582648,-0.013527789058510065,,,,1.5202596054670603,,,,0.9259197094158936,0.07146435563261969,1.2660211020449312,0.3884146063616743,0.41393921263774663,0.9286030165022335,,,0.008875480853021145,0.06552310490825539,"{'name': 'tac_vol_scaled_asym_return', 'column': 'target_tac_vol_scaled_asym_return_clipped', 'task_type': 'regression', 'prediction_horizon': 5}","{'_target_': 'src.cv.purged_kfold.SimplePurgedKFold', 'n_splits': 6, 'pct_embargo': 0.01}","{'boosting_type': 'gbdt', 'n_jobs': -1, 'random_state': 42, 'learning_rate': 0.05, 'num_leaves': 31, 'max_depth': 7, 'min_child_samples': 500, 'min_split_gain': 0.1, 'bagging_fraction': 0.8, 'feature_fraction': 0.8, 'lambda_l1': 1.0, 'lambda_l2': 1.0, 'is_unbalance': True, 'use_time_decay': True, 'time_decay_rate': 0.9999, 'bagging_freq': 5, 'verbose': -1, 'custom_objective': 'src.models.custom_objectives.custom_asymmetric_mse', 'custom_metric': 'src.models.custom_objectives.custom_asymmetric_mse_eval'}","{'name': 'TAC', 'description': '戦術モデル：短期的な売買タイミングの予測'}","{'type': 'master', 'path': '/Users/yuu/JPSForecast/data/master', 'format': 'pkl'}","{'name': 'LightGBM', '_target_': 'lightgbm.LGBMRegressor', 'use_gpu': True, 'preprocessor_target': 'src.preprocess.preprocess_lgbm.LGBMPreprocessor', 'model_target': 'src.models.lgbm_wrapper.LGBMWrapper', 'data_category': 'tabular'}",unknown,"{'tracking_uri': 'sqlite:////Users/yuu/JPSForecast/mlflow.db', 'experiment_name': 'Rough_Tuning'}","{'purge_days': 5, 'embargo_days': 40, 'pct_embargo': 0.01, 'n_splits': 6, 'n_test_chunks': 2, 'valid_start_date': '2024-01-01', 'test_start_date': '2025-01-01'}","{'name': 'tac_vol_scaled_asym_return', 'cat_cols': ['GOV_MarketSegment_CSR', 'GOV_MarketSegment_SNZ', 'GOV_Sector33Code_RAW', 'SEA_IsQuarterEnd_RAW', 'SEA_DayOfMonth_RAW', 'SEA_DayOfWeek_RAW']}",5df869206bf3485eafc99d8e1105f75a,Trial_27_LightGBM,train.py,LOCAL,a2f007f5f5014ad70795fd0b1377858a3347347b,yuu
8a03559a1c5f4be9940a69aeed49cdbe,16,FINISHED,/Users/yuu/JPSForecast/mlruns/16/8a03559a1c5f4be9940a69aeed49cdbe/artifacts,2026-04-13 15:07:30.773000+00:00,2026-04-13 15:13:59.992000+00:00,0.9718782071443428,0.4470571340279515,1.317526873967983,,0.40848828357764644,406.0,0.983632002801852,1.3853558169066145,0.0020585376769304276,0.007782421540468931,0.4290156112192467,,,0.4318220357765037,,,0.4360835963085147,0.9285681797157814,,0.01897833184266943,1.2762352725760966,0.004298616666346788,,-0.014039805470801898,0.41246705221986296,0.4533938516302047,,,,,,,0.442847679043313,,0.004933301825076342,0.0016537258634343743,,0.0009044413454830647,0.39545981280146364,,,,,1.2613818562476944,0.9300446647472966,1.4526906262669819,,,,0.9344412400795753,,0.0016287006159663522,0.9006239357885919,,1.3198219499679467,,,0.017966458440419157,0.9507243254263941,0.00026496374630369246,,1.3339768539902526,,-0.02670121521712919,0.005227542482316494,,,,,0.9545653892038518,,-0.00034767467877827585,-0.021143123781029147,,0.02597606785799325,,,0.9469201748175932,-0.02670121521712919,2029.0,,1.3659184976844914,0.414074845367519,0.0060820491053164005,0.9134726003339599,1.0,,0.4375075486262918,0.0026098527014255524,0.027968969103208806,,0.005252047907561064,-0.008300121243997552,,,,1.290990242940431,-0.0265532312208806,0.9350035713454433,,1.3322797038412253,1.0,,-0.02314232993281545,-0.02118321424553216,,,,1.5169449821571865,,,,0.9334514605864149,0.03784321081489474,1.3154602312489228,0.38846907571753914,0.41162605370954347,0.9392403080359876,,,0.004393741022795439,0.05328030506665887,"{'name': 'tac_vol_scaled_asym_return', 'column': 'target_tac_vol_scaled_asym_return_clipped', 'task_type': 'regression', 'prediction_horizon': 5}","{'_target_': 'src.cv.purged_kfold.SimplePurgedKFold', 'n_splits': 6, 'pct_embargo': 0.01}","{'boosting_type': 'gbdt', 'n_jobs': -1, 'random_state': 42, 'learning_rate': 0.05, 'num_leaves': 15, 'max_depth': 7, 'min_child_samples': 2000, 'min_split_gain': 0.1, 'bagging_fraction': 0.8, 'feature_fraction': 0.8, 'lambda_l1': 1.0, 'lambda_l2': 1.0, 'is_unbalance': True, 'use_time_decay': True, 'time_decay_rate': 0.9999, 'bagging_freq': 5, 'verbose': -1, 'custom_objective': 'src.models.custom_objectives.custom_asymmetric_mse', 'custom_metric': 'src.models.custom_objectives.custom_asymmetric_mse_eval'}","{'name': 'TAC', 'description': '戦術モデル：短期的な売買タイミングの予測'}","{'type': 'master', 'path': '/Users/yuu/JPSForecast/data/master', 'format': 'pkl'}","{'name': 'LightGBM', '_target_': 'lightgbm.LGBMRegressor', 'use_gpu': True, 'preprocessor_target': 'src.preprocess.preprocess_lgbm.LGBMPreprocessor', 'model_target': 'src.models.lgbm_wrapper.LGBMWrapper', 'data_category': 'tabular'}",unknown,"{'tracking_uri': 'sqlite:////Users/yuu/JPSForecast/mlflow.db', 'experiment_name': 'Rough_Tuning'}","{'purge_days': 5, 'embargo_days': 40, 'pct_embargo': 0.01, 'n_splits': 6, 'n_test_chunks': 2, 'valid_start_date': '2024-01-01', 'test_start_date': '2025-01-01'}","{'name': 'tac_vol_scaled_asym_return', 'cat_cols': ['GOV_MarketSegment_CSR', 'GOV_MarketSegment_SNZ', 'GOV_Sector33Code_RAW', 'SEA_IsQuarterEnd_RAW', 'SEA_DayOfMonth_RAW', 'SEA_DayOfWeek_RAW']}",5df869206bf3485eafc99d8e1105f75a,Trial_26_LightGBM,train.py,LOCAL,a2f007f5f5014ad70795fd0b1377858a3347347b,yuu
bfea8468d6394ac39a69d5f8765dec23,16,FINISHED,/Users/yuu/JPSForecast/mlruns/16/bfea8468d6394ac39a69d5f8765dec23/artifacts,2026-04-13 14:59:52.516000+00:00,2026-04-13 15:07:30.543000+00:00,0.9804012100432806,0.4238065497852803,1.3337920464015263,,0.4047996643326165,406.0,0.9713627009956993,1.3838601752770914,0.001391397905535996,0.006402705330401659,0.4278669691312297,,,0.41488229416036154,,,0.43377115031047386,0.9300034509676933,,0.010853456171245874,1.2762877054255533,0.00433954456821084,,-0.016355600885670594,0.40799976930928444,0.4454552487158211,,,,,,,0.4392767648675297,,0.0026687097270041704,0.0011048552114516497,,0.0006425929605029523,0.389595976074507,,,,,1.2607312000444029,0.9384148139146614,1.4503550046126081,,,,0.9363567630824726,,0.01719989341890313,0.9028854514466569,,1.3381137612641987,,,0.01279084431549129,0.9521942279157589,-0.0009860633872449398,,1.3625227071033057,,-0.033185267488113054,0.004503943491727114,,,,,0.9509420054748252,,-0.0008258647285401821,-0.0258592921886281,,0.010611017058671296,,,0.9465822658681401,-0.033185267488113054,2029.0,,1.3662132635910043,0.4161462131965163,0.002730997046455741,0.9159426569056833,1.0,,0.42595981233137264,0.0019390094093978405,0.011810550099060981,,0.003468824550509453,-0.009673802409975507,,,,1.3260675251021452,-0.028620179552426725,0.9395704177696622,,1.3606571960524338,1.0,,-0.014654427601941836,-0.032220765617439785,,,,1.5189174653527164,,,,0.9363313156608793,0.031818997454440716,1.3276128341654072,0.3849472355349114,0.4023679817598503,0.945541380501782,,,0.0039466493763029575,0.04108563024312715,"{'name': 'tac_vol_scaled_asym_return', 'column': 'target_tac_vol_scaled_asym_return_clipped', 'task_type': 'regression', 'prediction_horizon': 5}","{'_target_': 'src.cv.purged_kfold.SimplePurgedKFold', 'n_splits': 6, 'pct_embargo': 0.01}","{'boosting_type': 'gbdt', 'n_jobs': -1, 'random_state': 42, 'learning_rate': 0.05, 'num_leaves': 15, 'max_depth': 3, 'min_child_samples': 500, 'min_split_gain': 0.1, 'bagging_fraction': 0.8, 'feature_fraction': 0.8, 'lambda_l1': 1.0, 'lambda_l2': 1.0, 'is_unbalance': True, 'use_time_decay': True, 'time_decay_rate': 0.9999, 'bagging_freq': 5, 'verbose': -1, 'custom_objective': 'src.models.custom_objectives.custom_asymmetric_mse', 'custom_metric': 'src.models.custom_objectives.custom_asymmetric_mse_eval'}","{'name': 'TAC', 'description': '戦術モデル：短期的な売買タイミングの予測'}","{'type': 'master', 'path': '/Users/yuu/JPSForecast/data/master', 'format': 'pkl'}","{'name': 'LightGBM', '_target_': 'lightgbm.LGBMRegressor', 'use_gpu': True, 'preprocessor_target': 'src.preprocess.preprocess_lgbm.LGBMPreprocessor', 'model_target': 'src.models.lgbm_wrapper.LGBMWrapper', 'data_category': 'tabular'}",unknown,"{'tracking_uri': 'sqlite:////Users/yuu/JPSForecast/mlflow.db', 'experiment_name': 'Rough_Tuning'}","{'purge_days': 5, 'embargo_days': 40, 'pct_embargo': 0.01, 'n_splits': 6, 'n_test_chunks': 2, 'valid_start_date': '2024-01-01', 'test_start_date': '2025-01-01'}","{'name': 'tac_vol_scaled_asym_return', 'cat_cols': ['GOV_MarketSegment_CSR', 'GOV_MarketSegment_SNZ', 'GOV_Sector33Code_RAW', 'SEA_IsQuarterEnd_RAW', 'SEA_DayOfMonth_RAW', 'SEA_DayOfWeek_RAW']}",5df869206bf3485eafc99d8e1105f75a,Trial_25_LightGBM,train.py,LOCAL,a2f007f5f5014ad70795fd0b1377858a3347347b,yuu
08ece3b466d9408e8ff7961e5b68ec03,16,FINISHED,/Users/yuu/JPSForecast/mlruns/16/08ece3b466d9408e8ff7961e5b68ec03/artifacts,2026-04-13 14:53:23.822000+00:00,2026-04-13 14:59:52.277000+00:00,0.9662457566561868,0.4872052173576334,1.2986817841478717,,0.4095853263485138,406.0,0.9802047315062751,1.3866594270420018,0.0031058406457304955,0.01033374946564436,0.4299785302439343,,,0.44641254848352685,,,0.4492507027002158,0.9160470211549735,,0.058838286290113784,1.2794780227372085,0.004867352079600096,,-0.013126158200515162,0.4136852655384828,0.4708827020706598,,,,,,,0.4581472875202372,,0.0070562479086220264,0.00160050333943218,,0.00018745969282463193,0.40283290727629373,,,,,1.2616081795862577,0.9208242228800799,1.4520017239242826,,,,0.9288392182033561,,0.009582003471134026,0.8988006014900817,,1.296096989381968,,,0.027335767191428825,0.9500447074844988,-0.00015574635472148657,,1.3091724427574125,,-0.025995569334225248,0.007565215229988098,,,,,0.9518687176908689,,-0.0009345904691144824,-0.027447824954298386,,0.04101084086144428,,,0.9442738903955499,-0.025995569334225248,2029.0,,1.3678141875022423,0.41587206985092273,0.011776059865951538,0.9123226915386204,1.0,,0.4573733386097524,0.0023647553753107786,0.04603127089606342,,0.008206498809158802,-0.004215918459216716,,,,1.2451973312786349,-0.030367111277080104,0.9304581310703547,,1.3081959566704415,1.0,,-0.008402218523740713,-0.004623847052822327,,,,1.5187134048577584,,,,0.9266415518198501,0.05604393737994525,1.292507803857246,0.3838179240398714,0.4115173459984532,0.9322160807863387,,,0.006592445075511932,0.06707779824620565,"{'name': 'tac_vol_scaled_asym_return', 'column': 'target_tac_vol_scaled_asym_return_clipped', 'task_type': 'regression', 'prediction_horizon': 5}","{'_target_': 'src.cv.purged_kfold.SimplePurgedKFold', 'n_splits': 6, 'pct_embargo': 0.01}","{'boosting_type': 'gbdt', 'n_jobs': -1, 'random_state': 42, 'learning_rate': 0.05, 'num_leaves': 31, 'max_depth': 7, 'min_child_samples': 2000, 'min_split_gain': 0.1, 'bagging_fraction': 0.8, 'feature_fraction': 0.8, 'lambda_l1': 1.0, 'lambda_l2': 1.0, 'is_unbalance': True, 'use_time_decay': True, 'time_decay_rate': 0.9999, 'bagging_freq': 5, 'verbose': -1, 'custom_objective': 'src.models.custom_objectives.custom_asymmetric_mse', 'custom_metric': 'src.models.custom_objectives.custom_asymmetric_mse_eval'}","{'name': 'TAC', 'description': '戦術モデル：短期的な売買タイミングの予測'}","{'type': 'master', 'path': '/Users/yuu/JPSForecast/data/master', 'format': 'pkl'}","{'name': 'LightGBM', '_target_': 'lightgbm.LGBMRegressor', 'use_gpu': True, 'preprocessor_target': 'src.preprocess.preprocess_lgbm.LGBMPreprocessor', 'model_target': 'src.models.lgbm_wrapper.LGBMWrapper', 'data_category': 'tabular'}",unknown,"{'tracking_uri': 'sqlite:////Users/yuu/JPSForecast/mlflow.db', 'experiment_name': 'Rough_Tuning'}","{'purge_days': 5, 'embargo_days': 40, 'pct_embargo': 0.01, 'n_splits': 6, 'n_test_chunks': 2, 'valid_start_date': '2024-01-01', 'test_start_date': '2025-01-01'}","{'name': 'tac_vol_scaled_asym_return', 'cat_cols': ['GOV_MarketSegment_CSR', 'GOV_MarketSegment_SNZ', 'GOV_Sector33Code_RAW', 'SEA_IsQuarterEnd_RAW', 'SEA_DayOfMonth_RAW', 'SEA_DayOfWeek_RAW']}",5df869206bf3485eafc99d8e1105f75a,Trial_24_LightGBM,train.py,LOCAL,a2f007f5f5014ad70795fd0b1377858a3347347b,yuu
6845ccb6b3834681af9d17f07bea2af1,16,FINISHED,/Users/yuu/JPSForecast/mlruns/16/6845ccb6b3834681af9d17f07bea2af1/artifacts,2026-04-13 14:45:06.360000+00:00,2026-04-13 14:53:23.586000+00:00,0.9817271695657187,0.4347447053988501,1.3269099356631575,,0.40556083125562753,406.0,0.9831795479460333,1.3845157148954437,0.0014044706476852298,0.005500722210854292,0.4239787093137116,,,0.4147764175846483,,,0.4384950522954332,0.9339499494197794,,0.014480610771138932,1.2764317062954866,0.0037922190967947245,,-0.015940501384341967,0.4078078432171236,0.4393814994218719,,,,,,,0.4457054214956219,,0.0026051788590848446,0.0010035313898697495,,0.0008100312552414834,0.394971319345226,,,,,1.2612687699153813,0.936581904411406,1.4496173934157062,,,,0.932781174406209,,0.007010475237867351,0.9035147110063589,,1.3467895241649739,,,0.015977087941872664,0.9538375907034461,-0.0008868802106007934,,1.3646663410836493,,-0.02701445618377371,0.005525809247046709,,,,,0.9516005370068611,,-0.0007959373760968447,-0.025593795606475258,,0.00792058102139342,,,0.9493556421085431,-0.02701445618377371,2029.0,,1.36675952002007,0.41546004495403616,0.004383354913443327,0.9146817262230271,1.0,,0.4234248973276522,0.001578419585712254,0.011595151091640178,,0.0031640261877328157,-0.007093203591331536,,,,1.3152451561501681,-0.029466633313179173,0.9422391003227053,,1.3604718506759896,1.0,,-0.015228032090159544,-0.013187743536640545,,,,1.5193546160409588,,,,0.9365150765795285,0.042584287684973285,1.3171807025104543,0.38724722948127094,0.40397789087663644,0.9454748801301784,,,0.004924694076180458,0.035088718347353734,"{'name': 'tac_vol_scaled_asym_return', 'column': 'target_tac_vol_scaled_asym_return_clipped', 'task_type': 'regression', 'prediction_horizon': 5}","{'_target_': 'src.cv.purged_kfold.SimplePurgedKFold', 'n_splits': 6, 'pct_embargo': 0.01}","{'boosting_type': 'gbdt', 'n_jobs': -1, 'random_state': 42, 'learning_rate': 0.05, 'num_leaves': 63, 'max_depth': 3, 'min_child_samples': 1000, 'min_split_gain': 0.1, 'bagging_fraction': 0.8, 'feature_fraction': 0.8, 'lambda_l1': 1.0, 'lambda_l2': 1.0, 'is_unbalance': True, 'use_time_decay': True, 'time_decay_rate': 0.9999, 'bagging_freq': 5, 'verbose': -1, 'custom_objective': 'src.models.custom_objectives.custom_asymmetric_mse', 'custom_metric': 'src.models.custom_objectives.custom_asymmetric_mse_eval'}","{'name': 'TAC', 'description': '戦術モデル：短期的な売買タイミングの予測'}","{'type': 'master', 'path': '/Users/yuu/JPSForecast/data/master', 'format': 'pkl'}","{'name': 'LightGBM', '_target_': 'lightgbm.LGBMRegressor', 'use_gpu': True, 'preprocessor_target': 'src.preprocess.preprocess_lgbm.LGBMPreprocessor', 'model_target': 'src.models.lgbm_wrapper.LGBMWrapper', 'data_category': 'tabular'}",unknown,"{'tracking_uri': 'sqlite:////Users/yuu/JPSForecast/mlflow.db', 'experiment_name': 'Rough_Tuning'}","{'purge_days': 5, 'embargo_days': 40, 'pct_embargo': 0.01, 'n_splits': 6, 'n_test_chunks': 2, 'valid_start_date': '2024-01-01', 'test_start_date': '2025-01-01'}","{'name': 'tac_vol_scaled_asym_return', 'cat_cols': ['GOV_MarketSegment_CSR', 'GOV_MarketSegment_SNZ', 'GOV_Sector33Code_RAW', 'SEA_IsQuarterEnd_RAW', 'SEA_DayOfMonth_RAW', 'SEA_DayOfWeek_RAW']}",5df869206bf3485eafc99d8e1105f75a,Trial_23_LightGBM,train.py,LOCAL,a2f007f5f5014ad70795fd0b1377858a3347347b,yuu
ea7e5bd50b2f483c9c94f276ad4a1bd9,16,FINISHED,/Users/yuu/JPSForecast/mlruns/16/ea7e5bd50b2f483c9c94f276ad4a1bd9/artifacts,2026-04-13 14:39:00.771000+00:00,2026-04-13 14:45:06.105000+00:00,0.9651982902796331,0.4879168376881658,1.2679917097016078,,0.4101534094529387,406.0,0.9740196329368638,1.3894380646698463,0.0017078067176043987,0.01578955352306366,0.43159488302617627,,,0.47164104239066257,,,0.47575970996276246,0.915880733794457,,0.04919770769026745,1.2814882493473017,0.004266707692295313,,-0.011924452846330013,0.41106571294182376,0.5045458515252539,,,,,,,0.49702897104584265,,0.01119193620979786,0.0012986103538423777,,0.0010879128240048885,0.3932067234859927,,,,,1.2645457696090632,0.9161727139947162,1.4509300757056915,,,,0.9197568123354968,,0.006024033993546924,0.896917212826066,,1.260152263663798,,,0.04491839314464527,0.9488933619255502,-0.0003268196014687419,,1.2785351925261719,,-0.0273442586621888,0.01293207611888647,,,,,0.9490824140748796,,-0.0013721941504627466,-0.018120315714148086,,0.05036214079935385,,,0.9418187664567143,-0.0273442586621888,2029.0,,1.3678470924056279,0.4216435239325687,0.011773909442126751,0.9111732426284224,1.0,,0.48447533149623234,0.0022515577729791403,0.06413348648938091,,0.012429000809788704,-0.006850886130115445,,,,1.2490862133422629,-0.03545706229499041,0.9212258968737221,,1.2842780043147313,1.0,,-0.00676836747333313,-0.021034860329589723,,,,1.5246085327515255,,,,0.9179968289173266,0.07891234424618236,1.256379843863813,0.390522235419945,0.41285802738090427,0.9244511124917548,,,0.010533517226576805,0.09013769526016248,"{'name': 'tac_vol_scaled_asym_return', 'column': 'target_tac_vol_scaled_asym_return_clipped', 'task_type': 'regression', 'prediction_horizon': 5}","{'_target_': 'src.cv.purged_kfold.SimplePurgedKFold', 'n_splits': 6, 'pct_embargo': 0.01}","{'boosting_type': 'gbdt', 'n_jobs': -1, 'random_state': 42, 'learning_rate': 0.05, 'num_leaves': 63, 'max_depth': 7, 'min_child_samples': 1000, 'min_split_gain': 0.1, 'bagging_fraction': 0.8, 'feature_fraction': 0.8, 'lambda_l1': 1.0, 'lambda_l2': 1.0, 'is_unbalance': True, 'use_time_decay': True, 'time_decay_rate': 0.9999, 'bagging_freq': 5, 'verbose': -1, 'custom_objective': 'src.models.custom_objectives.custom_asymmetric_mse', 'custom_metric': 'src.models.custom_objectives.custom_asymmetric_mse_eval'}","{'name': 'TAC', 'description': '戦術モデル：短期的な売買タイミングの予測'}","{'type': 'master', 'path': '/Users/yuu/JPSForecast/data/master', 'format': 'pkl'}","{'name': 'LightGBM', '_target_': 'lightgbm.LGBMRegressor', 'use_gpu': True, 'preprocessor_target': 'src.preprocess.preprocess_lgbm.LGBMPreprocessor', 'model_target': 'src.models.lgbm_wrapper.LGBMWrapper', 'data_category': 'tabular'}",unknown,"{'tracking_uri': 'sqlite:////Users/yuu/JPSForecast/mlflow.db', 'experiment_name': 'Rough_Tuning'}","{'purge_days': 5, 'embargo_days': 40, 'pct_embargo': 0.01, 'n_splits': 6, 'n_test_chunks': 2, 'valid_start_date': '2024-01-01', 'test_start_date': '2025-01-01'}","{'name': 'tac_vol_scaled_asym_return', 'cat_cols': ['GOV_MarketSegment_CSR', 'GOV_MarketSegment_SNZ', 'GOV_Sector33Code_RAW', 'SEA_IsQuarterEnd_RAW', 'SEA_DayOfMonth_RAW', 'SEA_DayOfWeek_RAW']}",5df869206bf3485eafc99d8e1105f75a,Trial_22_LightGBM,train.py,LOCAL,a2f007f5f5014ad70795fd0b1377858a3347347b,yuu
26349efecd724400ac5ccd7b7d8971d1,16,FINISHED,/Users/yuu/JPSForecast/mlruns/16/26349efecd724400ac5ccd7b7d8971d1/artifacts,2026-04-13 14:31:17.006000+00:00,2026-04-13 14:39:00.521000+00:00,0.9804012100432806,0.4238065497852803,1.3337920464015263,,0.4047996643326165,406.0,0.9713627009956993,1.3838601752770914,0.001391397905535996,0.006402705330401659,0.4278669691312297,,,0.41488229416036154,,,0.43377115031047386,0.9300034509676933,,0.010853456171245874,1.2762877054255533,0.00433954456821084,,-0.016355600885670594,0.40799976930928444,0.4454552487158211,,,,,,,0.4392767648675297,,0.0026687097270041704,0.0011048552114516497,,0.0006425929605029523,0.389595976074507,,,,,1.2607312000444029,0.9384148139146614,1.4503550046126081,,,,0.9363567630824726,,0.01719989341890313,0.9028854514466569,,1.3381137612641987,,,0.01279084431549129,0.9521942279157589,-0.0009860633872449398,,1.3625227071033057,,-0.033185267488113054,0.004503943491727114,,,,,0.9509420054748252,,-0.0008258647285401821,-0.0258592921886281,,0.010611017058671296,,,0.9465822658681401,-0.033185267488113054,2029.0,,1.3662132635910043,0.4161462131965163,0.002730997046455741,0.9159426569056833,1.0,,0.42595981233137264,0.0019390094093978405,0.011810550099060981,,0.003468824550509453,-0.009673802409975507,,,,1.3260675251021452,-0.028620179552426725,0.9395704177696622,,1.3606571960524338,1.0,,-0.014654427601941836,-0.032220765617439785,,,,1.5189174653527164,,,,0.9363313156608793,0.031818997454440716,1.3276128341654072,0.3849472355349114,0.4023679817598503,0.945541380501782,,,0.0039466493763029575,0.04108563024312715,"{'name': 'tac_vol_scaled_asym_return', 'column': 'target_tac_vol_scaled_asym_return_clipped', 'task_type': 'regression', 'prediction_horizon': 5}","{'_target_': 'src.cv.purged_kfold.SimplePurgedKFold', 'n_splits': 6, 'pct_embargo': 0.01}","{'boosting_type': 'gbdt', 'n_jobs': -1, 'random_state': 42, 'learning_rate': 0.05, 'num_leaves': 31, 'max_depth': 3, 'min_child_samples': 500, 'min_split_gain': 0.1, 'bagging_fraction': 0.8, 'feature_fraction': 0.8, 'lambda_l1': 1.0, 'lambda_l2': 1.0, 'is_unbalance': True, 'use_time_decay': True, 'time_decay_rate': 0.9999, 'bagging_freq': 5, 'verbose': -1, 'custom_objective': 'src.models.custom_objectives.custom_asymmetric_mse', 'custom_metric': 'src.models.custom_objectives.custom_asymmetric_mse_eval'}","{'name': 'TAC', 'description': '戦術モデル：短期的な売買タイミングの予測'}","{'type': 'master', 'path': '/Users/yuu/JPSForecast/data/master', 'format': 'pkl'}","{'name': 'LightGBM', '_target_': 'lightgbm.LGBMRegressor', 'use_gpu': True, 'preprocessor_target': 'src.preprocess.preprocess_lgbm.LGBMPreprocessor', 'model_target': 'src.models.lgbm_wrapper.LGBMWrapper', 'data_category': 'tabular'}",unknown,"{'tracking_uri': 'sqlite:////Users/yuu/JPSForecast/mlflow.db', 'experiment_name': 'Rough_Tuning'}","{'purge_days': 5, 'embargo_days': 40, 'pct_embargo': 0.01, 'n_splits': 6, 'n_test_chunks': 2, 'valid_start_date': '2024-01-01', 'test_start_date': '2025-01-01'}","{'name': 'tac_vol_scaled_asym_return', 'cat_cols': ['GOV_MarketSegment_CSR', 'GOV_MarketSegment_SNZ', 'GOV_Sector33Code_RAW', 'SEA_IsQuarterEnd_RAW', 'SEA_DayOfMonth_RAW', 'SEA_DayOfWeek_RAW']}",5df869206bf3485eafc99d8e1105f75a,Trial_21_LightGBM,train.py,LOCAL,a2f007f5f5014ad70795fd0b1377858a3347347b,yuu
c536b194d8bd4670b4a7fd70a9516eac,16,FINISHED,/Users/yuu/JPSForecast/mlruns/16/c536b194d8bd4670b4a7fd70a9516eac/artifacts,2026-04-13 14:22:58.205000+00:00,2026-04-13 14:31:16.762000+00:00,0.9817271695657187,0.4347447053988501,1.3269099356631575,,0.40556083125562753,406.0,0.9831795479460333,1.3845157148954437,0.0014044706476852298,0.005500722210854292,0.4239787093137116,,,0.4147764175846483,,,0.4384950522954332,0.9339499494197794,,0.014480610771138932,1.2764317062954866,0.0037922190967947245,,-0.015940501384341967,0.4078078432171236,0.4393814994218719,,,,,,,0.4457054214956219,,0.0026051788590848446,0.0010035313898697495,,0.0008100312552414834,0.394971319345226,,,,,1.2612687699153813,0.936581904411406,1.4496173934157062,,,,0.932781174406209,,0.007010475237867351,0.9035147110063589,,1.3467895241649739,,,0.015977087941872664,0.9538375907034461,-0.0008868802106007934,,1.3646663410836493,,-0.02701445618377371,0.005525809247046709,,,,,0.9516005370068611,,-0.0007959373760968447,-0.025593795606475258,,0.00792058102139342,,,0.9493556421085431,-0.02701445618377371,2029.0,,1.36675952002007,0.41546004495403616,0.004383354913443327,0.9146817262230271,1.0,,0.4234248973276522,0.001578419585712254,0.011595151091640178,,0.0031640261877328157,-0.007093203591331536,,,,1.3152451561501681,-0.029466633313179173,0.9422391003227053,,1.3604718506759896,1.0,,-0.015228032090159544,-0.013187743536640545,,,,1.5193546160409588,,,,0.9365150765795285,0.042584287684973285,1.3171807025104543,0.38724722948127094,0.40397789087663644,0.9454748801301784,,,0.004924694076180458,0.035088718347353734,"{'name': 'tac_vol_scaled_asym_return', 'column': 'target_tac_vol_scaled_asym_return_clipped', 'task_type': 'regression', 'prediction_horizon': 5}","{'_target_': 'src.cv.purged_kfold.SimplePurgedKFold', 'n_splits': 6, 'pct_embargo': 0.01}","{'boosting_type': 'gbdt', 'n_jobs': -1, 'random_state': 42, 'learning_rate': 0.05, 'num_leaves': 31, 'max_depth': 3, 'min_child_samples': 1000, 'min_split_gain': 0.1, 'bagging_fraction': 0.8, 'feature_fraction': 0.8, 'lambda_l1': 1.0, 'lambda_l2': 1.0, 'is_unbalance': True, 'use_time_decay': True, 'time_decay_rate': 0.9999, 'bagging_freq': 5, 'verbose': -1, 'custom_objective': 'src.models.custom_objectives.custom_asymmetric_mse', 'custom_metric': 'src.models.custom_objectives.custom_asymmetric_mse_eval'}","{'name': 'TAC', 'description': '戦術モデル：短期的な売買タイミングの予測'}","{'type': 'master', 'path': '/Users/yuu/JPSForecast/data/master', 'format': 'pkl'}","{'name': 'LightGBM', '_target_': 'lightgbm.LGBMRegressor', 'use_gpu': True, 'preprocessor_target': 'src.preprocess.preprocess_lgbm.LGBMPreprocessor', 'model_target': 'src.models.lgbm_wrapper.LGBMWrapper', 'data_category': 'tabular'}",unknown,"{'tracking_uri': 'sqlite:////Users/yuu/JPSForecast/mlflow.db', 'experiment_name': 'Rough_Tuning'}","{'purge_days': 5, 'embargo_days': 40, 'pct_embargo': 0.01, 'n_splits': 6, 'n_test_chunks': 2, 'valid_start_date': '2024-01-01', 'test_start_date': '2025-01-01'}","{'name': 'tac_vol_scaled_asym_return', 'cat_cols': ['GOV_MarketSegment_CSR', 'GOV_MarketSegment_SNZ', 'GOV_Sector33Code_RAW', 'SEA_IsQuarterEnd_RAW', 'SEA_DayOfMonth_RAW', 'SEA_DayOfWeek_RAW']}",5df869206bf3485eafc99d8e1105f75a,Trial_20_LightGBM,train.py,LOCAL,a2f007f5f5014ad70795fd0b1377858a3347347b,yuu
9577a4710b494fe082d1fe3042cb397b,16,FINISHED,/Users/yuu/JPSForecast/mlruns/16/9577a4710b494fe082d1fe3042cb397b/artifacts,2026-04-13 14:15:57.874000+00:00,2026-04-13 14:22:57.990000+00:00,0.9781617882428513,0.4392312156084109,1.3052978785231497,,0.40991480039432787,406.0,0.97158638117306,1.3864221437000317,0.0022961138747632504,0.008973807096481323,0.43214782613202646,,,0.428523849269561,,,0.4458364111125091,0.9258417679258046,,0.012280254347223353,1.2773768047824208,0.004622372332960367,,-0.011146565626745897,0.40946149459885006,0.465037160893835,,,,,,,0.46299465200697043,,0.004346099216490984,0.0017744408687576652,,0.0007247804314829409,0.39610415778424685,,,,,1.2611830791150218,0.9315997280685132,1.451902252235391,,,,0.9275424887367474,,0.003020213535447692,0.9006745029737075,,1.3059552472016225,,,0.027308335817519742,0.9526380784800189,0.0006780640687793493,,1.3302561401622786,,-0.023725690864791003,0.008063986897468567,,,,,0.9500292150349254,,-0.0005364750395528972,-0.01363456315976607,,0.01805976401127888,,,0.9453055888468812,-0.023725690864791003,2029.0,,1.3663194365581321,0.41831548545497826,0.004771548323333263,0.9127880250942672,1.0,,0.44322204931662446,0.0027071896474808455,0.03261744537834743,,0.006326883565634489,-0.005581437464875849,,,,1.3037352948678134,-0.03195434068908038,0.9310253791826892,,1.3345274205389568,1.0,,-0.010461481482917348,-0.016378319126250537,,,,1.518297162733677,,,,0.9302429517017865,0.05217666009235763,1.2960600074799327,0.3896336327990988,0.4137123700520906,0.9383608221920545,,,0.005778961814939976,0.06251429240923102,"{'name': 'tac_vol_scaled_asym_return', 'column': 'target_tac_vol_scaled_asym_return_clipped', 'task_type': 'regression', 'prediction_horizon': 5}","{'_target_': 'src.cv.purged_kfold.SimplePurgedKFold', 'n_splits': 6, 'pct_embargo': 0.01}","{'boosting_type': 'gbdt', 'n_jobs': -1, 'random_state': 42, 'learning_rate': 0.05, 'num_leaves': 15, 'max_depth': 7, 'min_child_samples': 1000, 'min_split_gain': 0.1, 'bagging_fraction': 0.8, 'feature_fraction': 0.8, 'lambda_l1': 1.0, 'lambda_l2': 1.0, 'is_unbalance': True, 'use_time_decay': True, 'time_decay_rate': 0.9999, 'bagging_freq': 5, 'verbose': -1, 'custom_objective': 'src.models.custom_objectives.custom_asymmetric_mse', 'custom_metric': 'src.models.custom_objectives.custom_asymmetric_mse_eval'}","{'name': 'TAC', 'description': '戦術モデル：短期的な売買タイミングの予測'}","{'type': 'master', 'path': '/Users/yuu/JPSForecast/data/master', 'format': 'pkl'}","{'name': 'LightGBM', '_target_': 'lightgbm.LGBMRegressor', 'use_gpu': True, 'preprocessor_target': 'src.preprocess.preprocess_lgbm.LGBMPreprocessor', 'model_target': 'src.models.lgbm_wrapper.LGBMWrapper', 'data_category': 'tabular'}",unknown,"{'tracking_uri': 'sqlite:////Users/yuu/JPSForecast/mlflow.db', 'experiment_name': 'Rough_Tuning'}","{'purge_days': 5, 'embargo_days': 40, 'pct_embargo': 0.01, 'n_splits': 6, 'n_test_chunks': 2, 'valid_start_date': '2024-01-01', 'test_start_date': '2025-01-01'}","{'name': 'tac_vol_scaled_asym_return', 'cat_cols': ['GOV_MarketSegment_CSR', 'GOV_MarketSegment_SNZ', 'GOV_Sector33Code_RAW', 'SEA_IsQuarterEnd_RAW', 'SEA_DayOfMonth_RAW', 'SEA_DayOfWeek_RAW']}",5df869206bf3485eafc99d8e1105f75a,Trial_19_LightGBM,train.py,LOCAL,a2f007f5f5014ad70795fd0b1377858a3347347b,yuu
958cac39ea1045819791027039d4971d,16,FINISHED,/Users/yuu/JPSForecast/mlruns/16/958cac39ea1045819791027039d4971d/artifacts,2026-04-13 14:09:44.306000+00:00,2026-04-13 14:15:57.645000+00:00,0.9647275912211564,0.4677965672664904,1.290303621542795,,0.40820121723202424,406.0,0.9777537745417819,1.3893985660884782,0.0015620565973222256,0.012481152079999447,0.4328872215063058,,,0.4636443905567578,,,0.4599576529852246,0.9195143352618135,,0.022026864969006847,1.2768743888801442,0.0031568603590130806,,-0.013949255205750589,0.4129696444701959,0.48762595349683435,,,,,,,0.5003720111069567,,0.009603065438568592,0.0012779259122908115,,0.0015606401721015573,0.3860552495533257,,,,,1.2622328576010395,0.9194175177839115,1.4532206456700676,,,,0.9205077074990267,,0.0038341017541055214,0.8988778598205892,,1.2866408196397165,,,0.023828161718932532,0.9535149756242073,-2.058776590274647e-05,,1.2974248404586504,,-0.028145674725432286,0.014248455874621868,,,,,0.9564423022493013,,-0.0007245739689096808,-0.013790208696239042,,0.04136798388170758,,,0.9449196422231702,-0.028145674725432286,2029.0,,1.3649465955518052,0.41388970632145955,0.008891986683011055,0.9132771263091672,1.0,,0.47439720105423916,0.002001708373427391,0.046424971599846994,,0.010350500233471394,-0.009085465746177279,,,,1.2734899263567556,-0.0325413715682652,0.9284000444964107,,1.2943594083712884,1.0,,-0.023255372935919803,-0.021774048824065414,,,,1.5329328602782353,,,,0.926485753662437,0.07145896209097923,1.2615495586082208,0.3904778856648709,0.4131459699206681,0.93025190071809,,,0.007377700414508581,0.0658293202734892,"{'name': 'tac_vol_scaled_asym_return', 'column': 'target_tac_vol_scaled_asym_return_clipped', 'task_type': 'regression', 'prediction_horizon': 5}","{'_target_': 'src.cv.purged_kfold.SimplePurgedKFold', 'n_splits': 6, 'pct_embargo': 0.01}","{'boosting_type': 'gbdt', 'n_jobs': -1, 'random_state': 42, 'learning_rate': 0.05, 'num_leaves': 31, 'max_depth': 7, 'min_child_samples': 200, 'min_split_gain': 0.1, 'bagging_fraction': 0.8, 'feature_fraction': 0.8, 'lambda_l1': 1.0, 'lambda_l2': 1.0, 'is_unbalance': True, 'use_time_decay': True, 'time_decay_rate': 0.9999, 'bagging_freq': 5, 'verbose': -1, 'custom_objective': 'src.models.custom_objectives.custom_asymmetric_mse', 'custom_metric': 'src.models.custom_objectives.custom_asymmetric_mse_eval'}","{'name': 'TAC', 'description': '戦術モデル：短期的な売買タイミングの予測'}","{'type': 'master', 'path': '/Users/yuu/JPSForecast/data/master', 'format': 'pkl'}","{'name': 'LightGBM', '_target_': 'lightgbm.LGBMRegressor', 'use_gpu': True, 'preprocessor_target': 'src.preprocess.preprocess_lgbm.LGBMPreprocessor', 'model_target': 'src.models.lgbm_wrapper.LGBMWrapper', 'data_category': 'tabular'}",unknown,"{'tracking_uri': 'sqlite:////Users/yuu/JPSForecast/mlflow.db', 'experiment_name': 'Rough_Tuning'}","{'purge_days': 5, 'embargo_days': 40, 'pct_embargo': 0.01, 'n_splits': 6, 'n_test_chunks': 2, 'valid_start_date': '2024-01-01', 'test_start_date': '2025-01-01'}","{'name': 'tac_vol_scaled_asym_return', 'cat_cols': ['GOV_MarketSegment_CSR', 'GOV_MarketSegment_SNZ', 'GOV_Sector33Code_RAW', 'SEA_IsQuarterEnd_RAW', 'SEA_DayOfMonth_RAW', 'SEA_DayOfWeek_RAW']}",5df869206bf3485eafc99d8e1105f75a,Trial_18_LightGBM,train.py,LOCAL,a2f007f5f5014ad70795fd0b1377858a3347347b,yuu
7003dcb4cbe14bf29da4cda3fe603ae1,16,FINISHED,/Users/yuu/JPSForecast/mlruns/16/7003dcb4cbe14bf29da4cda3fe603ae1/artifacts,2026-04-13 14:02:21.668000+00:00,2026-04-13 14:09:44.088000+00:00,0.9806502986949518,0.42489749952733147,1.328867895071519,,0.40366214934303757,406.0,0.9756669719256198,1.3837821693555485,0.0014643839094787836,0.0060437931679189205,0.4232474774012206,,,0.41761096846192947,,,0.43552531189245447,0.9311047323210222,,0.010780119674950047,1.2768195967373537,0.0033983176108449697,,-0.0170784458472131,0.4099830368205521,0.44212798633509415,,,,,,,0.4388458410175669,,0.003022347344085574,0.0007469708798453212,,0.0005434503545984626,0.38632505666520606,,,,,1.2608732605048516,0.9374262121282537,1.4498915858852992,,,,0.9363183773966367,,0.004477656040088851,0.9027774200406095,,1.3464338901863409,,,0.015818577346350424,0.9519815051418585,-0.0011344852391630411,,1.3641804848372507,,-0.02720983975306101,0.004373902454972267,,,,,0.9548354058668148,,-0.0006345740985125303,-0.01738861667444389,,0.012053114157905193,,,0.9478073212477267,-0.02720983975306101,2029.0,,1.366349869292383,0.4131384081199632,0.0028796286787837744,0.9150120783908696,1.0,,0.4257075947438995,0.0007543450919911265,0.00929955923797557,,0.003515543881803751,-0.008845068480544026,,,,1.3251840687666514,-0.029666849219635402,0.9424225633523836,,1.3585882852599287,1.0,,-0.012806526985068206,-0.025539502239115327,,,,1.5242069679011292,,,,0.9382074353214563,0.030705475521231224,1.3270745919071296,0.38661867873960326,0.4029950869569176,0.9449574411662842,,,0.004188097547739744,0.033024977290450015,"{'name': 'tac_vol_scaled_asym_return', 'column': 'target_tac_vol_scaled_asym_return_clipped', 'task_type': 'regression', 'prediction_horizon': 5}","{'_target_': 'src.cv.purged_kfold.SimplePurgedKFold', 'n_splits': 6, 'pct_embargo': 0.01}","{'boosting_type': 'gbdt', 'n_jobs': -1, 'random_state': 42, 'learning_rate': 0.05, 'num_leaves': 63, 'max_depth': 3, 'min_child_samples': 200, 'min_split_gain': 0.1, 'bagging_fraction': 0.8, 'feature_fraction': 0.8, 'lambda_l1': 1.0, 'lambda_l2': 1.0, 'is_unbalance': True, 'use_time_decay': True, 'time_decay_rate': 0.9999, 'bagging_freq': 5, 'verbose': -1, 'custom_objective': 'src.models.custom_objectives.custom_asymmetric_mse', 'custom_metric': 'src.models.custom_objectives.custom_asymmetric_mse_eval'}","{'name': 'TAC', 'description': '戦術モデル：短期的な売買タイミングの予測'}","{'type': 'master', 'path': '/Users/yuu/JPSForecast/data/master', 'format': 'pkl'}","{'name': 'LightGBM', '_target_': 'lightgbm.LGBMRegressor', 'use_gpu': True, 'preprocessor_target': 'src.preprocess.preprocess_lgbm.LGBMPreprocessor', 'model_target': 'src.models.lgbm_wrapper.LGBMWrapper', 'data_category': 'tabular'}",unknown,"{'tracking_uri': 'sqlite:////Users/yuu/JPSForecast/mlflow.db', 'experiment_name': 'Rough_Tuning'}","{'purge_days': 5, 'embargo_days': 40, 'pct_embargo': 0.01, 'n_splits': 6, 'n_test_chunks': 2, 'valid_start_date': '2024-01-01', 'test_start_date': '2025-01-01'}","{'name': 'tac_vol_scaled_asym_return', 'cat_cols': ['GOV_MarketSegment_CSR', 'GOV_MarketSegment_SNZ', 'GOV_Sector33Code_RAW', 'SEA_IsQuarterEnd_RAW', 'SEA_DayOfMonth_RAW', 'SEA_DayOfWeek_RAW']}",5df869206bf3485eafc99d8e1105f75a,Trial_17_LightGBM,train.py,LOCAL,a2f007f5f5014ad70795fd0b1377858a3347347b,yuu
c63223bbbc8143e58d06959ae37137d9,16,FINISHED,/Users/yuu/JPSForecast/mlruns/16/c63223bbbc8143e58d06959ae37137d9/artifacts,2026-04-13 13:56:08.071000+00:00,2026-04-13 14:02:21.432000+00:00,0.9730598170945308,0.49226575940608025,1.2483296256929042,,0.41016074805607766,406.0,0.9715090669167934,1.3922277535233083,0.0015682443045079708,0.016621779650449753,0.42631283156171085,,,0.4921706544356236,,,0.49920090056108746,0.9117450099395347,,0.03549160033826994,1.2783879344785087,0.003946517128497362,,-0.0132172564943677,0.41434138038294077,0.5109026124858376,,,,,,,0.5448299106197169,,0.014346178621053696,0.0013878012541681528,,0.0017334696603938937,0.39227756199565295,,,,,1.2651429053978316,0.9161390128727476,1.4516309363211435,,,,0.9062798359281667,,-6.302225039115004e-05,0.8960637953081134,,1.2631123347998467,,,0.06118249604135683,0.9533115317589962,-0.00019128214626107365,,1.2657031332785258,,-0.028170337627050422,0.021035607904195786,,,,,0.953919133963785,,-0.0009831826901063323,-0.004416576987634603,,0.0603526734978772,,,0.9438527905400551,-0.028170337627050422,2029.0,,1.3677264050179012,0.42211389135527233,0.012483297847211361,0.9100339131910653,1.0,,0.5003139631786042,0.00209704483859241,0.06616967322137135,,0.014325324445962906,-0.007731998299099725,,,,1.2479640123058393,-0.03580421719840178,0.9228157193680766,,1.2676946964649056,1.0,,-0.01248218449905718,-0.02789234116249472,,,,1.5260768964056244,,,,0.9191973215029163,0.11624670281427303,1.212220283218458,0.3932076149683261,0.41290295439609376,0.9220638488605628,,,0.013993031345307827,0.07825085642613334,"{'name': 'tac_vol_scaled_asym_return', 'column': 'target_tac_vol_scaled_asym_return_clipped', 'task_type': 'regression', 'prediction_horizon': 5}","{'_target_': 'src.cv.purged_kfold.SimplePurgedKFold', 'n_splits': 6, 'pct_embargo': 0.01}","{'boosting_type': 'gbdt', 'n_jobs': -1, 'random_state': 42, 'learning_rate': 0.05, 'num_leaves': 63, 'max_depth': 7, 'min_child_samples': 500, 'min_split_gain': 0.1, 'bagging_fraction': 0.8, 'feature_fraction': 0.8, 'lambda_l1': 1.0, 'lambda_l2': 1.0, 'is_unbalance': True, 'use_time_decay': True, 'time_decay_rate': 0.9999, 'bagging_freq': 5, 'verbose': -1, 'custom_objective': 'src.models.custom_objectives.custom_asymmetric_mse', 'custom_metric': 'src.models.custom_objectives.custom_asymmetric_mse_eval'}","{'name': 'TAC', 'description': '戦術モデル：短期的な売買タイミングの予測'}","{'type': 'master', 'path': '/Users/yuu/JPSForecast/data/master', 'format': 'pkl'}","{'name': 'LightGBM', '_target_': 'lightgbm.LGBMRegressor', 'use_gpu': True, 'preprocessor_target': 'src.preprocess.preprocess_lgbm.LGBMPreprocessor', 'model_target': 'src.models.lgbm_wrapper.LGBMWrapper', 'data_category': 'tabular'}",unknown,"{'tracking_uri': 'sqlite:////Users/yuu/JPSForecast/mlflow.db', 'experiment_name': 'Rough_Tuning'}","{'purge_days': 5, 'embargo_days': 40, 'pct_embargo': 0.01, 'n_splits': 6, 'n_test_chunks': 2, 'valid_start_date': '2024-01-01', 'test_start_date': '2025-01-01'}","{'name': 'tac_vol_scaled_asym_return', 'cat_cols': ['GOV_MarketSegment_CSR', 'GOV_MarketSegment_SNZ', 'GOV_Sector33Code_RAW', 'SEA_IsQuarterEnd_RAW', 'SEA_DayOfMonth_RAW', 'SEA_DayOfWeek_RAW']}",5df869206bf3485eafc99d8e1105f75a,Trial_16_LightGBM,train.py,LOCAL,a2f007f5f5014ad70795fd0b1377858a3347347b,yuu
840206f941b84f40accc1802a75a4e18,16,FINISHED,/Users/yuu/JPSForecast/mlruns/16/840206f941b84f40accc1802a75a4e18/artifacts,2026-04-13 13:48:01.286000+00:00,2026-04-13 13:56:07.840000+00:00,0.9818565405864764,0.4235791631799747,1.31788322629547,,0.4068921545429016,406.0,0.9742948256209555,1.3872637813002782,0.0012136423029005527,0.007123860996216536,0.42765083387060704,,,0.4158500888023737,,,0.4433253590541561,0.931524320356773,,0.010913826422063755,1.2755438984633407,0.0033788832370191813,,-0.022415951311710047,0.4131578258086267,0.4522963608441742,,,,,,,0.43428618370811733,,0.002613831078633666,0.001221856102347374,,0.0006460387376137078,0.3888978747452674,,,,,1.2600568428035437,0.9341614823375284,1.4511965491899204,,,,0.9389183625850988,,0.00790630354400363,0.9021577387210884,,1.3292434016757158,,,0.019824041133628765,0.9516744916255001,-7.25296267773956e-05,,1.3613929876473128,,-0.0316618362579934,0.004011847078800201,,,,,0.9590779101818262,,-0.00019665407307911664,-0.02399117321048048,,0.01433534992519505,,,0.9480445337984119,-0.0316618362579934,2029.0,,1.3654116077792162,0.41273923097486775,0.0028273845091462135,0.9138925976425336,1.0,,0.42354364184613413,0.00226621818728745,0.011096784248094765,,0.003438282525166869,-0.010491095055999492,,,,1.3247533238546987,-0.028487297698587325,0.9365706874294695,,1.3532738545818117,1.0,,-0.017825572917080104,-0.029322894290435716,,,,1.5197948878046037,,,,0.940096502025034,0.017241742828629874,1.3362744562275846,0.3876828644509825,0.4115485469261863,0.9449502260905746,,,0.0052169617265462875,0.04747561731849699,"{'name': 'tac_vol_scaled_asym_return', 'column': 'target_tac_vol_scaled_asym_return_clipped', 'task_type': 'regression', 'prediction_horizon': 5}","{'_target_': 'src.cv.purged_kfold.SimplePurgedKFold', 'n_splits': 6, 'pct_embargo': 0.01}","{'boosting_type': 'gbdt', 'n_jobs': -1, 'random_state': 42, 'learning_rate': 0.05, 'num_leaves': 7, 'max_depth': 7, 'min_child_samples': 500, 'min_split_gain': 0.1, 'bagging_fraction': 0.8, 'feature_fraction': 0.8, 'lambda_l1': 1.0, 'lambda_l2': 1.0, 'is_unbalance': True, 'use_time_decay': True, 'time_decay_rate': 0.9999, 'bagging_freq': 5, 'verbose': -1, 'custom_objective': 'src.models.custom_objectives.custom_asymmetric_mse', 'custom_metric': 'src.models.custom_objectives.custom_asymmetric_mse_eval'}","{'name': 'TAC', 'description': '戦術モデル：短期的な売買タイミングの予測'}","{'type': 'master', 'path': '/Users/yuu/JPSForecast/data/master', 'format': 'pkl'}","{'name': 'LightGBM', '_target_': 'lightgbm.LGBMRegressor', 'use_gpu': True, 'preprocessor_target': 'src.preprocess.preprocess_lgbm.LGBMPreprocessor', 'model_target': 'src.models.lgbm_wrapper.LGBMWrapper', 'data_category': 'tabular'}",unknown,"{'tracking_uri': 'sqlite:////Users/yuu/JPSForecast/mlflow.db', 'experiment_name': 'Rough_Tuning'}","{'purge_days': 5, 'embargo_days': 40, 'pct_embargo': 0.01, 'n_splits': 6, 'n_test_chunks': 2, 'valid_start_date': '2024-01-01', 'test_start_date': '2025-01-01'}","{'name': 'tac_vol_scaled_asym_return', 'cat_cols': ['GOV_MarketSegment_CSR', 'GOV_MarketSegment_SNZ', 'GOV_Sector33Code_RAW', 'SEA_IsQuarterEnd_RAW', 'SEA_DayOfMonth_RAW', 'SEA_DayOfWeek_RAW']}",5df869206bf3485eafc99d8e1105f75a,Trial_15_LightGBM,train.py,LOCAL,a2f007f5f5014ad70795fd0b1377858a3347347b,yuu
77d76c2686cb47e8b015684c040ed300,16,FINISHED,/Users/yuu/JPSForecast/mlruns/16/77d76c2686cb47e8b015684c040ed300/artifacts,2026-04-13 13:39:52.735000+00:00,2026-04-13 13:48:01.063000+00:00,0.9808584756204033,0.4333382237761365,1.3376031806375515,,0.4043730670984716,406.0,0.9854270138825396,1.3844430981131264,0.0019401321187615395,0.005726534873247147,0.4255749730944705,,,0.4119690556993389,,,0.42943755130275,0.9343267612518121,,0.011000837562400084,1.2756660250634646,0.004037459380924702,,-0.018910608966256313,0.40703061859242934,0.4391839001412608,,,,,,,0.4398744514762048,,0.0020559856202453375,0.0008609594078734517,,-8.688624802744016e-05,0.39476657998582726,,,,,1.2597633699763073,0.9393214141516871,1.4503873221677768,,,,0.9353079983322825,,0.005281363316504035,0.9030170486652278,,1.3459721016029411,,,0.012038820628331342,0.9522299404147613,-0.0014943331480026245,,1.3678505476979705,,-0.03170291322242201,0.004717287607491016,,,,,0.950393797104694,,-0.0006851793732494116,-0.03640380978018693,,0.006870106867549995,,,0.9491495956540883,-0.03170291322242201,2029.0,,1.36604629028211,0.41577596886547025,0.003953717183321714,0.914901016251047,1.0,,0.4224818742713685,0.0013523176312446594,0.01168316417367544,,0.0032927729189395905,-0.010776235259863695,,,,1.316422307215643,-0.029181988597933407,0.9418577710007892,,1.36304408468229,1.0,,-0.014030364601384921,-0.018732231696396064,,,,1.5197091118862271,,,,0.9362643015948449,0.03652091010371245,1.3256592515374956,0.38223408234662615,0.40095448048849347,0.9460103434409068,,,0.0033575843553990126,0.031227944738986765,"{'name': 'tac_vol_scaled_asym_return', 'column': 'target_tac_vol_scaled_asym_return_clipped', 'task_type': 'regression', 'prediction_horizon': 5}","{'_target_': 'src.cv.purged_kfold.SimplePurgedKFold', 'n_splits': 6, 'pct_embargo': 0.01}","{'boosting_type': 'gbdt', 'n_jobs': -1, 'random_state': 42, 'learning_rate': 0.05, 'num_leaves': 7, 'max_depth': 3, 'min_child_samples': 1000, 'min_split_gain': 0.1, 'bagging_fraction': 0.8, 'feature_fraction': 0.8, 'lambda_l1': 1.0, 'lambda_l2': 1.0, 'is_unbalance': True, 'use_time_decay': True, 'time_decay_rate': 0.9999, 'bagging_freq': 5, 'verbose': -1, 'custom_objective': 'src.models.custom_objectives.custom_asymmetric_mse', 'custom_metric': 'src.models.custom_objectives.custom_asymmetric_mse_eval'}","{'name': 'TAC', 'description': '戦術モデル：短期的な売買タイミングの予測'}","{'type': 'master', 'path': '/Users/yuu/JPSForecast/data/master', 'format': 'pkl'}","{'name': 'LightGBM', '_target_': 'lightgbm.LGBMRegressor', 'use_gpu': True, 'preprocessor_target': 'src.preprocess.preprocess_lgbm.LGBMPreprocessor', 'model_target': 'src.models.lgbm_wrapper.LGBMWrapper', 'data_category': 'tabular'}",unknown,"{'tracking_uri': 'sqlite:////Users/yuu/JPSForecast/mlflow.db', 'experiment_name': 'Rough_Tuning'}","{'purge_days': 5, 'embargo_days': 40, 'pct_embargo': 0.01, 'n_splits': 6, 'n_test_chunks': 2, 'valid_start_date': '2024-01-01', 'test_start_date': '2025-01-01'}","{'name': 'tac_vol_scaled_asym_return', 'cat_cols': ['GOV_MarketSegment_CSR', 'GOV_MarketSegment_SNZ', 'GOV_Sector33Code_RAW', 'SEA_IsQuarterEnd_RAW', 'SEA_DayOfMonth_RAW', 'SEA_DayOfWeek_RAW']}",5df869206bf3485eafc99d8e1105f75a,Trial_14_LightGBM,train.py,LOCAL,a2f007f5f5014ad70795fd0b1377858a3347347b,yuu
79e7d7bc5b6145289c0d3e3ff9664cf9,16,FINISHED,/Users/yuu/JPSForecast/mlruns/16/79e7d7bc5b6145289c0d3e3ff9664cf9/artifacts,2026-04-13 13:32:05.505000+00:00,2026-04-13 13:39:52.514000+00:00,0.97912753070581,0.4337385098662355,1.3330563741911114,,0.40574439871328377,406.0,0.9869574773231923,1.3875253795805513,0.001865664729848504,0.006333275698125362,0.4252120744070962,,,0.4123121223705914,,,0.42778545421806397,0.9333603077094765,,0.011747333215283047,1.2772780933996164,0.0046692523173987865,,-0.013716016719547301,0.40980526944340806,0.44334796953309696,,,,,,,0.43034690593081315,,0.002138307085260749,0.0012178316246718168,,6.225338438525796e-05,0.3943685551091372,,,,,1.2611500315276836,0.938279381423887,1.451651492990153,,,,0.9390517921137879,,0.0047627994587647144,0.9017816418210755,,1.3370941274286317,,,0.009341306023442748,0.951437370707868,-0.0004044555826112628,,1.3614280426001268,,-0.025714207547590563,0.0033921736758202314,,,,,0.9523541128158296,,-0.0005008457810617983,-0.018384005910883686,,0.012980320715124697,,,0.9490823837916321,-0.025714207547590563,2029.0,,1.365707114550528,0.41671188052397745,0.00414388719946146,0.9149147028212555,1.0,,0.4218373135268878,0.0014998577535152435,0.011813272354877856,,0.0029991543851792812,-0.005353839014294255,,,,1.311450020893503,-0.027973487331190126,0.9390172498917589,,1.3580129801210585,1.0,,-0.02343573179759137,-0.013316678891345243,,,,1.5160800139449198,,,,0.9370963459621698,0.023215790353237897,1.337733379843471,0.38140837605972505,0.40714188696597925,0.9452532164473575,,,0.0030218400061130524,0.04106400225842408,"{'name': 'tac_vol_scaled_asym_return', 'column': 'target_tac_vol_scaled_asym_return_clipped', 'task_type': 'regression', 'prediction_horizon': 5}","{'_target_': 'src.cv.purged_kfold.SimplePurgedKFold', 'n_splits': 6, 'pct_embargo': 0.01}","{'boosting_type': 'gbdt', 'n_jobs': -1, 'random_state': 42, 'learning_rate': 0.05, 'num_leaves': 7, 'max_depth': 7, 'min_child_samples': 2000, 'min_split_gain': 0.1, 'bagging_fraction': 0.8, 'feature_fraction': 0.8, 'lambda_l1': 1.0, 'lambda_l2': 1.0, 'is_unbalance': True, 'use_time_decay': True, 'time_decay_rate': 0.9999, 'bagging_freq': 5, 'verbose': -1, 'custom_objective': 'src.models.custom_objectives.custom_asymmetric_mse', 'custom_metric': 'src.models.custom_objectives.custom_asymmetric_mse_eval'}","{'name': 'TAC', 'description': '戦術モデル：短期的な売買タイミングの予測'}","{'type': 'master', 'path': '/Users/yuu/JPSForecast/data/master', 'format': 'pkl'}","{'name': 'LightGBM', '_target_': 'lightgbm.LGBMRegressor', 'use_gpu': True, 'preprocessor_target': 'src.preprocess.preprocess_lgbm.LGBMPreprocessor', 'model_target': 'src.models.lgbm_wrapper.LGBMWrapper', 'data_category': 'tabular'}",unknown,"{'tracking_uri': 'sqlite:////Users/yuu/JPSForecast/mlflow.db', 'experiment_name': 'Rough_Tuning'}","{'purge_days': 5, 'embargo_days': 40, 'pct_embargo': 0.01, 'n_splits': 6, 'n_test_chunks': 2, 'valid_start_date': '2024-01-01', 'test_start_date': '2025-01-01'}","{'name': 'tac_vol_scaled_asym_return', 'cat_cols': ['GOV_MarketSegment_CSR', 'GOV_MarketSegment_SNZ', 'GOV_Sector33Code_RAW', 'SEA_IsQuarterEnd_RAW', 'SEA_DayOfMonth_RAW', 'SEA_DayOfWeek_RAW']}",5df869206bf3485eafc99d8e1105f75a,Trial_13_LightGBM,train.py,LOCAL,a2f007f5f5014ad70795fd0b1377858a3347347b,yuu
65380faf94304a2ba5ed00666c4f44df,16,FINISHED,/Users/yuu/JPSForecast/mlruns/16/65380faf94304a2ba5ed00666c4f44df/artifacts,2026-04-13 13:25:36.530000+00:00,2026-04-13 13:32:05.277000+00:00,0.9766216404611573,0.43782174916650385,1.3064019381999337,,0.4091359570018065,406.0,0.9741493785839769,1.3893049412352914,0.0008754471782594919,0.006688990630209446,0.4287108120536131,,,0.42832252041502417,,,0.44634760206307417,0.9260246353827146,,0.013305363788389287,1.2766598025308304,0.004064793232828379,,-0.011611313794663599,0.40988765558726553,0.4500735490319986,,,,,,,0.46568343446651117,,0.004346676170825958,0.0014171847142279148,,0.0015738311922177672,0.3940683401574864,,,,,1.2613173913676554,0.9318935141582212,1.4521483477844785,,,,0.9272182647164791,,-0.0006410192390923634,0.899771052253178,,1.3301566400128484,,,0.02412082657086442,0.9535214124419391,-0.00019568702555261552,,1.3358906933108623,,-0.031751726853854724,0.008650598116219044,,,,,0.9533217821786224,,-0.0006026930059306324,-0.017438673700670888,,0.021249800282365786,,,0.9460808655157171,-0.031751726853854724,2029.0,,1.3661935581008646,0.41966985111762267,0.004927662666887045,0.9133964118628662,1.0,,0.4403037147392443,0.0026524739805608988,0.02345345218550903,,0.005567397456616163,-0.011421159802511665,,,,1.3034511447565027,-0.0375697839873846,0.9392746216180141,,1.3316536881069105,1.0,,-0.02636264645513043,-0.02601775786251008,,,,1.5194230822038146,,,,0.9314855980265265,0.050317554172362576,1.2942398808448317,0.3932422846631307,0.4092105934504541,0.9390157426666182,,,0.00568186491727829,0.03869688209362867,"{'name': 'tac_vol_scaled_asym_return', 'column': 'target_tac_vol_scaled_asym_return_clipped', 'task_type': 'regression', 'prediction_horizon': 5}","{'_target_': 'src.cv.purged_kfold.SimplePurgedKFold', 'n_splits': 6, 'pct_embargo': 0.01}","{'boosting_type': 'gbdt', 'n_jobs': -1, 'random_state': 42, 'learning_rate': 0.05, 'num_leaves': 15, 'max_depth': 7, 'min_child_samples': 500, 'min_split_gain': 0.1, 'bagging_fraction': 0.8, 'feature_fraction': 0.8, 'lambda_l1': 1.0, 'lambda_l2': 1.0, 'is_unbalance': True, 'use_time_decay': True, 'time_decay_rate': 0.9999, 'bagging_freq': 5, 'verbose': -1, 'custom_objective': 'src.models.custom_objectives.custom_asymmetric_mse', 'custom_metric': 'src.models.custom_objectives.custom_asymmetric_mse_eval'}","{'name': 'TAC', 'description': '戦術モデル：短期的な売買タイミングの予測'}","{'type': 'master', 'path': '/Users/yuu/JPSForecast/data/master', 'format': 'pkl'}","{'name': 'LightGBM', '_target_': 'lightgbm.LGBMRegressor', 'use_gpu': True, 'preprocessor_target': 'src.preprocess.preprocess_lgbm.LGBMPreprocessor', 'model_target': 'src.models.lgbm_wrapper.LGBMWrapper', 'data_category': 'tabular'}",unknown,"{'tracking_uri': 'sqlite:////Users/yuu/JPSForecast/mlflow.db', 'experiment_name': 'Rough_Tuning'}","{'purge_days': 5, 'embargo_days': 40, 'pct_embargo': 0.01, 'n_splits': 6, 'n_test_chunks': 2, 'valid_start_date': '2024-01-01', 'test_start_date': '2025-01-01'}","{'name': 'tac_vol_scaled_asym_return', 'cat_cols': ['GOV_MarketSegment_CSR', 'GOV_MarketSegment_SNZ', 'GOV_Sector33Code_RAW', 'SEA_IsQuarterEnd_RAW', 'SEA_DayOfMonth_RAW', 'SEA_DayOfWeek_RAW']}",5df869206bf3485eafc99d8e1105f75a,Trial_12_LightGBM,train.py,LOCAL,a2f007f5f5014ad70795fd0b1377858a3347347b,yuu
37d50e503108455baf800782ae5ef324,16,FINISHED,/Users/yuu/JPSForecast/mlruns/16/37d50e503108455baf800782ae5ef324/artifacts,2026-04-13 13:19:06.137000+00:00,2026-04-13 13:25:36.330000+00:00,0.9788289708123478,0.4396021989894603,1.3023652254859883,,0.40717367199740306,406.0,0.9795473896779645,1.3889945880452113,0.0015271255979314446,0.008570617996156216,0.4264122812062585,,,0.4322195747111313,,,0.4512465213355211,0.9259710337575146,,0.010848686013251384,1.2762758318575658,0.002850116230547428,,-0.013716401075989402,0.41012524985204557,0.46119949235371477,,,,,,,0.45683871928979675,,0.004752649459987879,0.0011778809130191803,,0.0011430433951318264,0.38965558404611894,,,,,1.2614050884363963,0.9314011274677513,1.4512151980915808,,,,0.9316203888794633,,-0.002363324874347076,0.9007507037471553,,1.3184686088855642,,,0.02922072655125583,0.9523056982388902,-6.180225318530574e-05,,1.3330617821087947,,-0.029769375222317873,0.007037575356662273,,,,,0.9541326154578683,,-0.00031459034653380513,-0.01971180299854432,,0.022338215024200303,,,0.9474444371890517,-0.029769375222317873,2029.0,,1.3655579494872512,0.41382674798242447,0.004731406457722187,0.9124604781175059,1.0,,0.4401380081431068,0.0018251561559736729,0.028037200827823506,,0.005281235557049513,-0.01082962115438481,,,,1.3027510646420246,-0.03531436715442525,0.9351588916951231,,1.3308107356344367,1.0,,-0.02556216747940389,-0.02112656055716393,,,,1.5286587025689755,,,,0.9324265645304749,0.03730009503078964,1.3055445623032815,0.3909614148832647,0.41217368339270916,0.938716161122558,,,0.006212819367647171,0.0471968820253548,"{'name': 'tac_vol_scaled_asym_return', 'column': 'target_tac_vol_scaled_asym_return_clipped', 'task_type': 'regression', 'prediction_horizon': 5}","{'_target_': 'src.cv.purged_kfold.SimplePurgedKFold', 'n_splits': 6, 'pct_embargo': 0.01}","{'boosting_type': 'gbdt', 'n_jobs': -1, 'random_state': 42, 'learning_rate': 0.05, 'num_leaves': 15, 'max_depth': 7, 'min_child_samples': 200, 'min_split_gain': 0.1, 'bagging_fraction': 0.8, 'feature_fraction': 0.8, 'lambda_l1': 1.0, 'lambda_l2': 1.0, 'is_unbalance': True, 'use_time_decay': True, 'time_decay_rate': 0.9999, 'bagging_freq': 5, 'verbose': -1, 'custom_objective': 'src.models.custom_objectives.custom_asymmetric_mse', 'custom_metric': 'src.models.custom_objectives.custom_asymmetric_mse_eval'}","{'name': 'TAC', 'description': '戦術モデル：短期的な売買タイミングの予測'}","{'type': 'master', 'path': '/Users/yuu/JPSForecast/data/master', 'format': 'pkl'}","{'name': 'LightGBM', '_target_': 'lightgbm.LGBMRegressor', 'use_gpu': True, 'preprocessor_target': 'src.preprocess.preprocess_lgbm.LGBMPreprocessor', 'model_target': 'src.models.lgbm_wrapper.LGBMWrapper', 'data_category': 'tabular'}",unknown,"{'tracking_uri': 'sqlite:////Users/yuu/JPSForecast/mlflow.db', 'experiment_name': 'Rough_Tuning'}","{'purge_days': 5, 'embargo_days': 40, 'pct_embargo': 0.01, 'n_splits': 6, 'n_test_chunks': 2, 'valid_start_date': '2024-01-01', 'test_start_date': '2025-01-01'}","{'name': 'tac_vol_scaled_asym_return', 'cat_cols': ['GOV_MarketSegment_CSR', 'GOV_MarketSegment_SNZ', 'GOV_Sector33Code_RAW', 'SEA_IsQuarterEnd_RAW', 'SEA_DayOfMonth_RAW', 'SEA_DayOfWeek_RAW']}",5df869206bf3485eafc99d8e1105f75a,Trial_11_LightGBM,train.py,LOCAL,a2f007f5f5014ad70795fd0b1377858a3347347b,yuu
b5d22f347eee448ba572c170f81229ae,16,FINISHED,/Users/yuu/JPSForecast/mlruns/16/b5d22f347eee448ba572c170f81229ae/artifacts,2026-04-13 13:12:28.126000+00:00,2026-04-13 13:19:05.931000+00:00,0.9658956874362792,0.47755191379309325,1.293910691966448,,0.40964238112997636,406.0,0.9827334820980534,1.3897576682257184,0.0026014945469796658,0.011861816048622131,0.42985156893928295,,,0.4516049285005516,,,0.4527808989921395,0.9213036382683789,,0.04149284168369783,1.2802636284060096,0.004795080982148647,,-0.011381281227565036,0.40888720607437756,0.4819019266155851,,,,,,,0.5015004696945045,,0.007917076349258423,0.0016572583699598908,,0.0011782037327066064,0.3941227266401797,,,,,1.2618120462528206,0.9207832041127624,1.451876734816004,,,,0.9156030662001144,,-0.008015634988958254,0.8986570807667751,,1.28475829371696,,,0.028930595273874433,0.9531427976509275,0.0005085751181468368,,1.3005507063858797,,-0.02441107819804969,0.014410343952476978,,,,,0.9514181871769886,,-0.0013968918938189745,-0.013757153361825043,,0.03704030303732784,,,0.9453041116417966,-0.02441107819804969,2029.0,,1.366558530381432,0.4207770732905171,0.010070511139929295,0.9134893684934684,1.0,,0.46551596156302627,0.002055622171610594,0.04640983851804312,,0.009063361212611198,-0.006202956992175249,,,,1.2615438572503732,-0.03606270288920044,0.9267757119243742,,1.3042268722504589,1.0,,-0.010238099009876168,-0.008403665431521124,,,,1.5176471941252174,,,,0.9254129730089111,0.08934202379926678,1.2517815817119884,0.39107620634766355,0.4130056589134556,0.9312466161987241,,,0.006598406471312046,0.07315358049446406,"{'name': 'tac_vol_scaled_asym_return', 'column': 'target_tac_vol_scaled_asym_return_clipped', 'task_type': 'regression', 'prediction_horizon': 5}","{'_target_': 'src.cv.purged_kfold.SimplePurgedKFold', 'n_splits': 6, 'pct_embargo': 0.01}","{'boosting_type': 'gbdt', 'n_jobs': -1, 'random_state': 42, 'learning_rate': 0.05, 'num_leaves': 31, 'max_depth': 7, 'min_child_samples': 1000, 'min_split_gain': 0.1, 'bagging_fraction': 0.8, 'feature_fraction': 0.8, 'lambda_l1': 1.0, 'lambda_l2': 1.0, 'is_unbalance': True, 'use_time_decay': True, 'time_decay_rate': 0.9999, 'bagging_freq': 5, 'verbose': -1, 'custom_objective': 'src.models.custom_objectives.custom_asymmetric_mse', 'custom_metric': 'src.models.custom_objectives.custom_asymmetric_mse_eval'}","{'name': 'TAC', 'description': '戦術モデル：短期的な売買タイミングの予測'}","{'type': 'master', 'path': '/Users/yuu/JPSForecast/data/master', 'format': 'pkl'}","{'name': 'LightGBM', '_target_': 'lightgbm.LGBMRegressor', 'use_gpu': True, 'preprocessor_target': 'src.preprocess.preprocess_lgbm.LGBMPreprocessor', 'model_target': 'src.models.lgbm_wrapper.LGBMWrapper', 'data_category': 'tabular'}",unknown,"{'tracking_uri': 'sqlite:////Users/yuu/JPSForecast/mlflow.db', 'experiment_name': 'Rough_Tuning'}","{'purge_days': 5, 'embargo_days': 40, 'pct_embargo': 0.01, 'n_splits': 6, 'n_test_chunks': 2, 'valid_start_date': '2024-01-01', 'test_start_date': '2025-01-01'}","{'name': 'tac_vol_scaled_asym_return', 'cat_cols': ['GOV_MarketSegment_CSR', 'GOV_MarketSegment_SNZ', 'GOV_Sector33Code_RAW', 'SEA_IsQuarterEnd_RAW', 'SEA_DayOfMonth_RAW', 'SEA_DayOfWeek_RAW']}",5df869206bf3485eafc99d8e1105f75a,Trial_10_LightGBM,train.py,LOCAL,a2f007f5f5014ad70795fd0b1377858a3347347b,yuu
55f9f291d70b49ed85cf4510d07b4120,16,FINISHED,/Users/yuu/JPSForecast/mlruns/16/55f9f291d70b49ed85cf4510d07b4120/artifacts,2026-04-13 13:04:13.970000+00:00,2026-04-13 13:12:27.914000+00:00,0.9797474952593372,0.42578656754865635,1.3125541233662985,,0.40477827682769446,406.0,0.981254267265109,1.3897260637335984,0.0009104254422709346,0.007586280815303326,0.42453211622056464,,,0.4136252468927561,,,0.44718652815461196,0.932490204358772,,0.010113729815708907,1.2748085314097237,0.002907084533944726,,-0.017048228342362737,0.4111186507766259,0.45262751667720946,,,,,,,0.4444275274513605,,0.002205975353717804,0.0008027548901736736,,0.0009660353534854949,0.3851050745238992,,,,,1.2612091257034521,0.9330499738190066,1.4512328526213272,,,,0.9358216978401918,,0.007866530682298476,0.9017881488267646,,1.3342546286933477,,,0.023498119230447194,0.9529897924078476,-0.0005882493569515646,,1.3583703975547268,,-0.029347583314259042,0.00515061616897583,,,,,0.950808736417114,,-0.0002905414148699492,-0.023542378391801334,,0.008399052299401471,,,0.9481000877926752,-0.029347583314259042,2029.0,,1.3657428054373142,0.410008429520147,0.0031227406580001116,0.9147246915160501,1.0,,0.4259688650872441,0.0008399123325943947,0.014920535740443209,,0.0038550521712750196,-0.008502865681151942,,,,1.3231629550050628,-0.030916090743167462,0.9385599296947686,,1.3578466882369449,1.0,,-0.01795603291306032,-0.021865442995984585,,,,1.5237144007348098,,,,0.9358295942299164,0.026301839347776485,1.325705094859686,0.3919791834753788,0.40626703642735257,0.9448988494689013,,,0.005890408996492624,0.041385865194731454,"{'name': 'tac_vol_scaled_asym_return', 'column': 'target_tac_vol_scaled_asym_return_clipped', 'task_type': 'regression', 'prediction_horizon': 5}","{'_target_': 'src.cv.purged_kfold.SimplePurgedKFold', 'n_splits': 6, 'pct_embargo': 0.01}","{'boosting_type': 'gbdt', 'n_jobs': -1, 'random_state': 42, 'learning_rate': 0.05, 'num_leaves': 7, 'max_depth': 7, 'min_child_samples': 200, 'min_split_gain': 0.1, 'bagging_fraction': 0.8, 'feature_fraction': 0.8, 'lambda_l1': 1.0, 'lambda_l2': 1.0, 'is_unbalance': True, 'use_time_decay': True, 'time_decay_rate': 0.9999, 'bagging_freq': 5, 'verbose': -1, 'custom_objective': 'src.models.custom_objectives.custom_asymmetric_mse', 'custom_metric': 'src.models.custom_objectives.custom_asymmetric_mse_eval'}","{'name': 'TAC', 'description': '戦術モデル：短期的な売買タイミングの予測'}","{'type': 'master', 'path': '/Users/yuu/JPSForecast/data/master', 'format': 'pkl'}","{'name': 'LightGBM', '_target_': 'lightgbm.LGBMRegressor', 'use_gpu': True, 'preprocessor_target': 'src.preprocess.preprocess_lgbm.LGBMPreprocessor', 'model_target': 'src.models.lgbm_wrapper.LGBMWrapper', 'data_category': 'tabular'}",unknown,"{'tracking_uri': 'sqlite:////Users/yuu/JPSForecast/mlflow.db', 'experiment_name': 'Rough_Tuning'}","{'purge_days': 5, 'embargo_days': 40, 'pct_embargo': 0.01, 'n_splits': 6, 'n_test_chunks': 2, 'valid_start_date': '2024-01-01', 'test_start_date': '2025-01-01'}","{'name': 'tac_vol_scaled_asym_return', 'cat_cols': ['GOV_MarketSegment_CSR', 'GOV_MarketSegment_SNZ', 'GOV_Sector33Code_RAW', 'SEA_IsQuarterEnd_RAW', 'SEA_DayOfMonth_RAW', 'SEA_DayOfWeek_RAW']}",5df869206bf3485eafc99d8e1105f75a,Trial_9_LightGBM,train.py,LOCAL,a2f007f5f5014ad70795fd0b1377858a3347347b,yuu
acca02b2019f42bf8f3c208fed08b09f,16,FINISHED,/Users/yuu/JPSForecast/mlruns/16/acca02b2019f42bf8f3c208fed08b09f/artifacts,2026-04-13 12:56:59.392000+00:00,2026-04-13 13:04:13.758000+00:00,0.9808197655453581,0.433475651190269,1.3303924534389335,,0.40555189601973635,406.0,0.9856565623677384,1.3826016884573704,0.001617800910025835,0.004426298663020134,0.4268023029383163,,,0.41597511256128067,,,0.43443106936945247,0.934133015672759,,0.012913227085317964,1.276686808652924,0.004135204013437033,,-0.01684565352330756,0.40833337248323653,0.43214844141452574,,,,,,,0.430094916508649,,0.0027058119885623455,0.001236601616255939,,0.0012137219309806824,0.3930092921345867,,,,,1.2613568120835803,0.9376663668530185,1.4497205536164273,,,,0.9402634337493618,,0.005407858633144947,0.9033301045488101,,1.3579632465328484,,,0.015426499204119657,0.9507803019220522,-0.0007241375860758126,,1.3665853885075796,,-0.0246587323716678,0.0032311624381691217,,,,,0.9568865432638232,,-0.0005281333578750491,-0.017410781795208885,,0.012191116276040788,,,0.9497679086730157,-0.0246587323716678,2029.0,,1.3666611842138046,0.41552705942897805,0.0039147259667515755,0.9138836797511632,1.0,,0.4225561537197328,0.0015889626229181886,0.01092112581586067,,0.003279497381299734,-0.005454487113094764,,,,1.3158867379768313,-0.026802544724665017,0.9448731633029719,,1.3599309545482585,1.0,,-0.016580062438216116,-0.017137932325736023,,,,1.5158960646127027,,,,0.9388665497603421,0.025609527408319756,1.3417061710627547,0.3862567019227394,0.4034889422143259,0.9459546528905881,,,0.004023719113320112,0.028189453938633355,"{'name': 'tac_vol_scaled_asym_return', 'column': 'target_tac_vol_scaled_asym_return_clipped', 'task_type': 'regression', 'prediction_horizon': 5}","{'_target_': 'src.cv.purged_kfold.SimplePurgedKFold', 'n_splits': 6, 'pct_embargo': 0.01}","{'boosting_type': 'gbdt', 'n_jobs': -1, 'random_state': 42, 'learning_rate': 0.05, 'num_leaves': 15, 'max_depth': 3, 'min_child_samples': 2000, 'min_split_gain': 0.1, 'bagging_fraction': 0.8, 'feature_fraction': 0.8, 'lambda_l1': 1.0, 'lambda_l2': 1.0, 'is_unbalance': True, 'use_time_decay': True, 'time_decay_rate': 0.9999, 'bagging_freq': 5, 'verbose': -1, 'custom_objective': 'src.models.custom_objectives.custom_asymmetric_mse', 'custom_metric': 'src.models.custom_objectives.custom_asymmetric_mse_eval'}","{'name': 'TAC', 'description': '戦術モデル：短期的な売買タイミングの予測'}","{'type': 'master', 'path': '/Users/yuu/JPSForecast/data/master', 'format': 'pkl'}","{'name': 'LightGBM', '_target_': 'lightgbm.LGBMRegressor', 'use_gpu': True, 'preprocessor_target': 'src.preprocess.preprocess_lgbm.LGBMPreprocessor', 'model_target': 'src.models.lgbm_wrapper.LGBMWrapper', 'data_category': 'tabular'}",unknown,"{'tracking_uri': 'sqlite:////Users/yuu/JPSForecast/mlflow.db', 'experiment_name': 'Rough_Tuning'}","{'purge_days': 5, 'embargo_days': 40, 'pct_embargo': 0.01, 'n_splits': 6, 'n_test_chunks': 2, 'valid_start_date': '2024-01-01', 'test_start_date': '2025-01-01'}","{'name': 'tac_vol_scaled_asym_return', 'cat_cols': ['GOV_MarketSegment_CSR', 'GOV_MarketSegment_SNZ', 'GOV_Sector33Code_RAW', 'SEA_IsQuarterEnd_RAW', 'SEA_DayOfMonth_RAW', 'SEA_DayOfWeek_RAW']}",5df869206bf3485eafc99d8e1105f75a,Trial_8_LightGBM,train.py,LOCAL,a2f007f5f5014ad70795fd0b1377858a3347347b,yuu
5907af34948c49918eb340ba1fd616d8,16,FINISHED,/Users/yuu/JPSForecast/mlruns/16/5907af34948c49918eb340ba1fd616d8/artifacts,2026-04-13 12:49:11.354000+00:00,2026-04-13 12:56:59.163000+00:00,0.9804012100432806,0.4238065497852803,1.3337920464015263,,0.4047996643326165,406.0,0.9713627009956993,1.3838601752770914,0.001391397905535996,0.006402705330401659,0.4278669691312297,,,0.41488229416036154,,,0.43377115031047386,0.9300034509676933,,0.010853456171245874,1.2762877054255533,0.00433954456821084,,-0.016355600885670594,0.40799976930928444,0.4454552487158211,,,,,,,0.4392767648675297,,0.0026687097270041704,0.0011048552114516497,,0.0006425929605029523,0.389595976074507,,,,,1.2607312000444029,0.9384148139146614,1.4503550046126081,,,,0.9363567630824726,,0.01719989341890313,0.9028854514466569,,1.3381137612641987,,,0.01279084431549129,0.9521942279157589,-0.0009860633872449398,,1.3625227071033057,,-0.033185267488113054,0.004503943491727114,,,,,0.9509420054748252,,-0.0008258647285401821,-0.0258592921886281,,0.010611017058671296,,,0.9465822658681401,-0.033185267488113054,2029.0,,1.3662132635910043,0.4161462131965163,0.002730997046455741,0.9159426569056833,1.0,,0.42595981233137264,0.0019390094093978405,0.011810550099060981,,0.003468824550509453,-0.009673802409975507,,,,1.3260675251021452,-0.028620179552426725,0.9395704177696622,,1.3606571960524338,1.0,,-0.014654427601941836,-0.032220765617439785,,,,1.5189174653527164,,,,0.9363313156608793,0.031818997454440716,1.3276128341654072,0.3849472355349114,0.4023679817598503,0.945541380501782,,,0.0039466493763029575,0.04108563024312715,"{'name': 'tac_vol_scaled_asym_return', 'column': 'target_tac_vol_scaled_asym_return_clipped', 'task_type': 'regression', 'prediction_horizon': 5}","{'_target_': 'src.cv.purged_kfold.SimplePurgedKFold', 'n_splits': 6, 'pct_embargo': 0.01}","{'boosting_type': 'gbdt', 'n_jobs': -1, 'random_state': 42, 'learning_rate': 0.05, 'num_leaves': 63, 'max_depth': 3, 'min_child_samples': 500, 'min_split_gain': 0.1, 'bagging_fraction': 0.8, 'feature_fraction': 0.8, 'lambda_l1': 1.0, 'lambda_l2': 1.0, 'is_unbalance': True, 'use_time_decay': True, 'time_decay_rate': 0.9999, 'bagging_freq': 5, 'verbose': -1, 'custom_objective': 'src.models.custom_objectives.custom_asymmetric_mse', 'custom_metric': 'src.models.custom_objectives.custom_asymmetric_mse_eval'}","{'name': 'TAC', 'description': '戦術モデル：短期的な売買タイミングの予測'}","{'type': 'master', 'path': '/Users/yuu/JPSForecast/data/master', 'format': 'pkl'}","{'name': 'LightGBM', '_target_': 'lightgbm.LGBMRegressor', 'use_gpu': True, 'preprocessor_target': 'src.preprocess.preprocess_lgbm.LGBMPreprocessor', 'model_target': 'src.models.lgbm_wrapper.LGBMWrapper', 'data_category': 'tabular'}",unknown,"{'tracking_uri': 'sqlite:////Users/yuu/JPSForecast/mlflow.db', 'experiment_name': 'Rough_Tuning'}","{'purge_days': 5, 'embargo_days': 40, 'pct_embargo': 0.01, 'n_splits': 6, 'n_test_chunks': 2, 'valid_start_date': '2024-01-01', 'test_start_date': '2025-01-01'}","{'name': 'tac_vol_scaled_asym_return', 'cat_cols': ['GOV_MarketSegment_CSR', 'GOV_MarketSegment_SNZ', 'GOV_Sector33Code_RAW', 'SEA_IsQuarterEnd_RAW', 'SEA_DayOfMonth_RAW', 'SEA_DayOfWeek_RAW']}",5df869206bf3485eafc99d8e1105f75a,Trial_7_LightGBM,train.py,LOCAL,a2f007f5f5014ad70795fd0b1377858a3347347b,yuu
8affbea883614f0e94dcb566b4861ba7,16,FINISHED,/Users/yuu/JPSForecast/mlruns/16/8affbea883614f0e94dcb566b4861ba7/artifacts,2026-04-13 12:40:34.849000+00:00,2026-04-13 12:49:11.105000+00:00,0.9806808774392417,0.4224336930221517,1.3362340421848364,,0.4036887207998066,406.0,0.974359679957813,1.3834977234549344,0.0016595607157796621,0.006671328563243151,0.4243948791233186,,,0.4134991538455813,,,0.42985571466414746,0.9306352573277126,,0.009453218103124585,1.2764633411777764,0.003967456053942442,,-0.018456011325318277,0.4090879863113621,0.44579936022502875,,,,,,,0.4540064170729228,,0.0021433772053569555,0.0007702179718762636,,0.0007916750619187951,0.3893659986655809,,,,,1.2600507998233639,0.9388733134493823,1.4505884031923428,,,,0.9302246794555957,,0.009323454342754278,0.9033901159499097,,1.3404523099743262,,,0.010774932337836943,0.9533678791241992,-0.0020540631376206875,,1.3665060804246265,,-0.029192491966036002,0.006949563045054674,,,,,0.9520074945318876,,-0.0005529134068638086,-0.025831421754235927,,0.007278312091506193,,,0.9474546196516579,-0.029192491966036002,2029.0,,1.366893519006295,0.4151861244471655,0.002619759179651737,0.9148074857014216,1.0,,0.4212557800804136,0.0007240549894049764,0.006410741510205016,,0.002893252531066537,-0.009272290404223437,,,,1.3281733551016488,-0.025884639102763413,0.9399865991656885,,1.361798805686598,1.0,,-0.012067087154630507,-0.026291559862207475,,,,1.5238528212274958,,,,0.9370840984719767,0.047962777623080315,1.3086742307761616,0.3841538952162813,0.4002184351901539,0.9457043305442516,,,0.0033903412986546755,0.03889756804353602,"{'name': 'tac_vol_scaled_asym_return', 'column': 'target_tac_vol_scaled_asym_return_clipped', 'task_type': 'regression', 'prediction_horizon': 5}","{'_target_': 'src.cv.purged_kfold.SimplePurgedKFold', 'n_splits': 6, 'pct_embargo': 0.01}","{'boosting_type': 'gbdt', 'n_jobs': -1, 'random_state': 42, 'learning_rate': 0.05, 'num_leaves': 7, 'max_depth': 3, 'min_child_samples': 200, 'min_split_gain': 0.1, 'bagging_fraction': 0.8, 'feature_fraction': 0.8, 'lambda_l1': 1.0, 'lambda_l2': 1.0, 'is_unbalance': True, 'use_time_decay': True, 'time_decay_rate': 0.9999, 'bagging_freq': 5, 'verbose': -1, 'custom_objective': 'src.models.custom_objectives.custom_asymmetric_mse', 'custom_metric': 'src.models.custom_objectives.custom_asymmetric_mse_eval'}","{'name': 'TAC', 'description': '戦術モデル：短期的な売買タイミングの予測'}","{'type': 'master', 'path': '/Users/yuu/JPSForecast/data/master', 'format': 'pkl'}","{'name': 'LightGBM', '_target_': 'lightgbm.LGBMRegressor', 'use_gpu': True, 'preprocessor_target': 'src.preprocess.preprocess_lgbm.LGBMPreprocessor', 'model_target': 'src.models.lgbm_wrapper.LGBMWrapper', 'data_category': 'tabular'}",unknown,"{'tracking_uri': 'sqlite:////Users/yuu/JPSForecast/mlflow.db', 'experiment_name': 'Rough_Tuning'}","{'purge_days': 5, 'embargo_days': 40, 'pct_embargo': 0.01, 'n_splits': 6, 'n_test_chunks': 2, 'valid_start_date': '2024-01-01', 'test_start_date': '2025-01-01'}","{'name': 'tac_vol_scaled_asym_return', 'cat_cols': ['GOV_MarketSegment_CSR', 'GOV_MarketSegment_SNZ', 'GOV_Sector33Code_RAW', 'SEA_IsQuarterEnd_RAW', 'SEA_DayOfMonth_RAW', 'SEA_DayOfWeek_RAW']}",5df869206bf3485eafc99d8e1105f75a,Trial_6_LightGBM,train.py,LOCAL,a2f007f5f5014ad70795fd0b1377858a3347347b,yuu
a472f5927ff24abda557d73c28878bd7,16,FINISHED,/Users/yuu/JPSForecast/mlruns/16/a472f5927ff24abda557d73c28878bd7/artifacts,2026-04-13 12:34:19.819000+00:00,2026-04-13 12:40:34.630000+00:00,0.9716233094532816,0.5030770585338303,1.2439216630235237,,0.4085313423183159,406.0,0.9792555076437964,1.3925689639453196,0.0012423150474205613,0.018922174349427223,0.4310697794601491,,,0.5081795994452946,,,0.5082757947768993,0.910890215198107,,0.03444419487826616,1.2819549800018748,0.004049479030072689,,-0.014626321714664508,0.41581199733361246,0.5261480662283906,,,,,,,0.5554436991142564,,0.016456041485071182,0.0012866329634562135,,0.0011962068965658545,0.3864787583049363,,,,,1.2646446414267014,0.9154613124266802,1.4536629166620776,,,,0.9071456183868754,,0.00667195200152389,0.8968126430262522,,1.2502914654983446,,,0.055331025859395144,0.9519035912505384,-0.0007270078058354557,,1.2616001372829817,,-0.028310931026698426,0.02250443957746029,,,,,0.9594266315243603,,-0.0005362352239899337,-0.013388081741094375,,0.06512066521913273,,,0.9457191462995646,-0.028310931026698426,2029.0,,1.3651039635473339,0.41975449850303487,0.013587378896772861,0.9097527023252521,1.0,,0.5103333414907356,0.00237378035672009,0.060346406460241864,,0.015953196212649345,-0.006757617438213488,,,,1.2428900914302496,-0.03529069520870965,0.9195220676693626,,1.2518717041952339,1.0,,-0.017119986436321635,-0.021543363106619615,,,,1.53419605149898,,,,0.9181302526085621,0.10555600443473694,1.2116776457533651,0.39055416176535585,0.40790349716896557,0.9214656172459466,,,0.015124822035431862,0.08827834921959375,"{'name': 'tac_vol_scaled_asym_return', 'column': 'target_tac_vol_scaled_asym_return_clipped', 'task_type': 'regression', 'prediction_horizon': 5}","{'_target_': 'src.cv.purged_kfold.SimplePurgedKFold', 'n_splits': 6, 'pct_embargo': 0.01}","{'boosting_type': 'gbdt', 'n_jobs': -1, 'random_state': 42, 'learning_rate': 0.05, 'num_leaves': 63, 'max_depth': 7, 'min_child_samples': 200, 'min_split_gain': 0.1, 'bagging_fraction': 0.8, 'feature_fraction': 0.8, 'lambda_l1': 1.0, 'lambda_l2': 1.0, 'is_unbalance': True, 'use_time_decay': True, 'time_decay_rate': 0.9999, 'bagging_freq': 5, 'verbose': -1, 'custom_objective': 'src.models.custom_objectives.custom_asymmetric_mse', 'custom_metric': 'src.models.custom_objectives.custom_asymmetric_mse_eval'}","{'name': 'TAC', 'description': '戦術モデル：短期的な売買タイミングの予測'}","{'type': 'master', 'path': '/Users/yuu/JPSForecast/data/master', 'format': 'pkl'}","{'name': 'LightGBM', '_target_': 'lightgbm.LGBMRegressor', 'use_gpu': True, 'preprocessor_target': 'src.preprocess.preprocess_lgbm.LGBMPreprocessor', 'model_target': 'src.models.lgbm_wrapper.LGBMWrapper', 'data_category': 'tabular'}",unknown,"{'tracking_uri': 'sqlite:////Users/yuu/JPSForecast/mlflow.db', 'experiment_name': 'Rough_Tuning'}","{'purge_days': 5, 'embargo_days': 40, 'pct_embargo': 0.01, 'n_splits': 6, 'n_test_chunks': 2, 'valid_start_date': '2024-01-01', 'test_start_date': '2025-01-01'}","{'name': 'tac_vol_scaled_asym_return', 'cat_cols': ['GOV_MarketSegment_CSR', 'GOV_MarketSegment_SNZ', 'GOV_Sector33Code_RAW', 'SEA_IsQuarterEnd_RAW', 'SEA_DayOfMonth_RAW', 'SEA_DayOfWeek_RAW']}",5df869206bf3485eafc99d8e1105f75a,Trial_5_LightGBM,train.py,LOCAL,a2f007f5f5014ad70795fd0b1377858a3347347b,yuu
251c23e93c5949769a697361aa07bc47,16,FINISHED,/Users/yuu/JPSForecast/mlruns/16/251c23e93c5949769a697361aa07bc47/artifacts,2026-04-13 12:26:00.015000+00:00,2026-04-13 12:34:19.601000+00:00,0.9817271695657187,0.4347447053988501,1.3269099356631575,,0.40556083125562753,406.0,0.9831795479460333,1.3845157148954437,0.0014044706476852298,0.005500722210854292,0.4239787093137116,,,0.4147764175846483,,,0.4384950522954332,0.9339499494197794,,0.014480610771138932,1.2764317062954866,0.0037922190967947245,,-0.015940501384341967,0.4078078432171236,0.4393814994218719,,,,,,,0.4457054214956219,,0.0026051788590848446,0.0010035313898697495,,0.0008100312552414834,0.394971319345226,,,,,1.2612687699153813,0.936581904411406,1.4496173934157062,,,,0.932781174406209,,0.007010475237867351,0.9035147110063589,,1.3467895241649739,,,0.015977087941872664,0.9538375907034461,-0.0008868802106007934,,1.3646663410836493,,-0.02701445618377371,0.005525809247046709,,,,,0.9516005370068611,,-0.0007959373760968447,-0.025593795606475258,,0.00792058102139342,,,0.9493556421085431,-0.02701445618377371,2029.0,,1.36675952002007,0.41546004495403616,0.004383354913443327,0.9146817262230271,1.0,,0.4234248973276522,0.001578419585712254,0.011595151091640178,,0.0031640261877328157,-0.007093203591331536,,,,1.3152451561501681,-0.029466633313179173,0.9422391003227053,,1.3604718506759896,1.0,,-0.015228032090159544,-0.013187743536640545,,,,1.5193546160409588,,,,0.9365150765795285,0.042584287684973285,1.3171807025104543,0.38724722948127094,0.40397789087663644,0.9454748801301784,,,0.004924694076180458,0.035088718347353734,"{'name': 'tac_vol_scaled_asym_return', 'column': 'target_tac_vol_scaled_asym_return_clipped', 'task_type': 'regression', 'prediction_horizon': 5}","{'_target_': 'src.cv.purged_kfold.SimplePurgedKFold', 'n_splits': 6, 'pct_embargo': 0.01}","{'boosting_type': 'gbdt', 'n_jobs': -1, 'random_state': 42, 'learning_rate': 0.05, 'num_leaves': 15, 'max_depth': 3, 'min_child_samples': 1000, 'min_split_gain': 0.1, 'bagging_fraction': 0.8, 'feature_fraction': 0.8, 'lambda_l1': 1.0, 'lambda_l2': 1.0, 'is_unbalance': True, 'use_time_decay': True, 'time_decay_rate': 0.9999, 'bagging_freq': 5, 'verbose': -1, 'custom_objective': 'src.models.custom_objectives.custom_asymmetric_mse', 'custom_metric': 'src.models.custom_objectives.custom_asymmetric_mse_eval'}","{'name': 'TAC', 'description': '戦術モデル：短期的な売買タイミングの予測'}","{'type': 'master', 'path': '/Users/yuu/JPSForecast/data/master', 'format': 'pkl'}","{'name': 'LightGBM', '_target_': 'lightgbm.LGBMRegressor', 'use_gpu': True, 'preprocessor_target': 'src.preprocess.preprocess_lgbm.LGBMPreprocessor', 'model_target': 'src.models.lgbm_wrapper.LGBMWrapper', 'data_category': 'tabular'}",unknown,"{'tracking_uri': 'sqlite:////Users/yuu/JPSForecast/mlflow.db', 'experiment_name': 'Rough_Tuning'}","{'purge_days': 5, 'embargo_days': 40, 'pct_embargo': 0.01, 'n_splits': 6, 'n_test_chunks': 2, 'valid_start_date': '2024-01-01', 'test_start_date': '2025-01-01'}","{'name': 'tac_vol_scaled_asym_return', 'cat_cols': ['GOV_MarketSegment_CSR', 'GOV_MarketSegment_SNZ', 'GOV_Sector33Code_RAW', 'SEA_IsQuarterEnd_RAW', 'SEA_DayOfMonth_RAW', 'SEA_DayOfWeek_RAW']}",5df869206bf3485eafc99d8e1105f75a,Trial_4_LightGBM,train.py,LOCAL,a2f007f5f5014ad70795fd0b1377858a3347347b,yuu
871679913f4f4954bc67af8faa7ead49,16,FINISHED,/Users/yuu/JPSForecast/mlruns/16/871679913f4f4954bc67af8faa7ead49/artifacts,2026-04-13 12:18:49.083000+00:00,2026-04-13 12:25:59.789000+00:00,0.9808197655453581,0.433475651190269,1.3303924534389335,,0.40555189601973635,406.0,0.9856565623677384,1.3826016884573704,0.001617800910025835,0.004426298663020134,0.4268023029383163,,,0.41597511256128067,,,0.43443106936945247,0.934133015672759,,0.012913227085317964,1.276686808652924,0.004135204013437033,,-0.01684565352330756,0.40833337248323653,0.43214844141452574,,,,,,,0.430094916508649,,0.0027058119885623455,0.001236601616255939,,0.0012137219309806824,0.3930092921345867,,,,,1.2613568120835803,0.9376663668530185,1.4497205536164273,,,,0.9402634337493618,,0.005407858633144947,0.9033301045488101,,1.3579632465328484,,,0.015426499204119657,0.9507803019220522,-0.0007241375860758126,,1.3665853885075796,,-0.0246587323716678,0.0032311624381691217,,,,,0.9568865432638232,,-0.0005281333578750491,-0.017410781795208885,,0.012191116276040788,,,0.9497679086730157,-0.0246587323716678,2029.0,,1.3666611842138046,0.41552705942897805,0.0039147259667515755,0.9138836797511632,1.0,,0.4225561537197328,0.0015889626229181886,0.01092112581586067,,0.003279497381299734,-0.005454487113094764,,,,1.3158867379768313,-0.026802544724665017,0.9448731633029719,,1.3599309545482585,1.0,,-0.016580062438216116,-0.017137932325736023,,,,1.5158960646127027,,,,0.9388665497603421,0.025609527408319756,1.3417061710627547,0.3862567019227394,0.4034889422143259,0.9459546528905881,,,0.004023719113320112,0.028189453938633355,"{'name': 'tac_vol_scaled_asym_return', 'column': 'target_tac_vol_scaled_asym_return_clipped', 'task_type': 'regression', 'prediction_horizon': 5}","{'_target_': 'src.cv.purged_kfold.SimplePurgedKFold', 'n_splits': 6, 'pct_embargo': 0.01}","{'boosting_type': 'gbdt', 'n_jobs': -1, 'random_state': 42, 'learning_rate': 0.05, 'num_leaves': 63, 'max_depth': 3, 'min_child_samples': 2000, 'min_split_gain': 0.1, 'bagging_fraction': 0.8, 'feature_fraction': 0.8, 'lambda_l1': 1.0, 'lambda_l2': 1.0, 'is_unbalance': True, 'use_time_decay': True, 'time_decay_rate': 0.9999, 'bagging_freq': 5, 'verbose': -1, 'custom_objective': 'src.models.custom_objectives.custom_asymmetric_mse', 'custom_metric': 'src.models.custom_objectives.custom_asymmetric_mse_eval'}","{'name': 'TAC', 'description': '戦術モデル：短期的な売買タイミングの予測'}","{'type': 'master', 'path': '/Users/yuu/JPSForecast/data/master', 'format': 'pkl'}","{'name': 'LightGBM', '_target_': 'lightgbm.LGBMRegressor', 'use_gpu': True, 'preprocessor_target': 'src.preprocess.preprocess_lgbm.LGBMPreprocessor', 'model_target': 'src.models.lgbm_wrapper.LGBMWrapper', 'data_category': 'tabular'}",unknown,"{'tracking_uri': 'sqlite:////Users/yuu/JPSForecast/mlflow.db', 'experiment_name': 'Rough_Tuning'}","{'purge_days': 5, 'embargo_days': 40, 'pct_embargo': 0.01, 'n_splits': 6, 'n_test_chunks': 2, 'valid_start_date': '2024-01-01', 'test_start_date': '2025-01-01'}","{'name': 'tac_vol_scaled_asym_return', 'cat_cols': ['GOV_MarketSegment_CSR', 'GOV_MarketSegment_SNZ', 'GOV_Sector33Code_RAW', 'SEA_IsQuarterEnd_RAW', 'SEA_DayOfMonth_RAW', 'SEA_DayOfWeek_RAW']}",5df869206bf3485eafc99d8e1105f75a,Trial_3_LightGBM,train.py,LOCAL,a2f007f5f5014ad70795fd0b1377858a3347347b,yuu
8f97c089b98e45759a79dddd033b0487,16,FINISHED,/Users/yuu/JPSForecast/mlruns/16/8f97c089b98e45759a79dddd033b0487/artifacts,2026-04-13 12:11:28.994000+00:00,2026-04-13 12:18:48.867000+00:00,0.9806502986949518,0.42489749952733147,1.328867895071519,,0.40366214934303757,406.0,0.9756669719256198,1.3837821693555485,0.0014643839094787836,0.0060437931679189205,0.4232474774012206,,,0.41761096846192947,,,0.43552531189245447,0.9311047323210222,,0.010780119674950047,1.2768195967373537,0.0033983176108449697,,-0.0170784458472131,0.4099830368205521,0.44212798633509415,,,,,,,0.4388458410175669,,0.003022347344085574,0.0007469708798453212,,0.0005434503545984626,0.38632505666520606,,,,,1.2608732605048516,0.9374262121282537,1.4498915858852992,,,,0.9363183773966367,,0.004477656040088851,0.9027774200406095,,1.3464338901863409,,,0.015818577346350424,0.9519815051418585,-0.0011344852391630411,,1.3641804848372507,,-0.02720983975306101,0.004373902454972267,,,,,0.9548354058668148,,-0.0006345740985125303,-0.01738861667444389,,0.012053114157905193,,,0.9478073212477267,-0.02720983975306101,2029.0,,1.366349869292383,0.4131384081199632,0.0028796286787837744,0.9150120783908696,1.0,,0.4257075947438995,0.0007543450919911265,0.00929955923797557,,0.003515543881803751,-0.008845068480544026,,,,1.3251840687666514,-0.029666849219635402,0.9424225633523836,,1.3585882852599287,1.0,,-0.012806526985068206,-0.025539502239115327,,,,1.5242069679011292,,,,0.9382074353214563,0.030705475521231224,1.3270745919071296,0.38661867873960326,0.4029950869569176,0.9449574411662842,,,0.004188097547739744,0.033024977290450015,"{'name': 'tac_vol_scaled_asym_return', 'column': 'target_tac_vol_scaled_asym_return_clipped', 'task_type': 'regression', 'prediction_horizon': 5}","{'_target_': 'src.cv.purged_kfold.SimplePurgedKFold', 'n_splits': 6, 'pct_embargo': 0.01}","{'boosting_type': 'gbdt', 'n_jobs': -1, 'random_state': 42, 'learning_rate': 0.05, 'num_leaves': 15, 'max_depth': 3, 'min_child_samples': 200, 'min_split_gain': 0.1, 'bagging_fraction': 0.8, 'feature_fraction': 0.8, 'lambda_l1': 1.0, 'lambda_l2': 1.0, 'is_unbalance': True, 'use_time_decay': True, 'time_decay_rate': 0.9999, 'bagging_freq': 5, 'verbose': -1, 'custom_objective': 'src.models.custom_objectives.custom_asymmetric_mse', 'custom_metric': 'src.models.custom_objectives.custom_asymmetric_mse_eval'}","{'name': 'TAC', 'description': '戦術モデル：短期的な売買タイミングの予測'}","{'type': 'master', 'path': '/Users/yuu/JPSForecast/data/master', 'format': 'pkl'}","{'name': 'LightGBM', '_target_': 'lightgbm.LGBMRegressor', 'use_gpu': True, 'preprocessor_target': 'src.preprocess.preprocess_lgbm.LGBMPreprocessor', 'model_target': 'src.models.lgbm_wrapper.LGBMWrapper', 'data_category': 'tabular'}",unknown,"{'tracking_uri': 'sqlite:////Users/yuu/JPSForecast/mlflow.db', 'experiment_name': 'Rough_Tuning'}","{'purge_days': 5, 'embargo_days': 40, 'pct_embargo': 0.01, 'n_splits': 6, 'n_test_chunks': 2, 'valid_start_date': '2024-01-01', 'test_start_date': '2025-01-01'}","{'name': 'tac_vol_scaled_asym_return', 'cat_cols': ['GOV_MarketSegment_CSR', 'GOV_MarketSegment_SNZ', 'GOV_Sector33Code_RAW', 'SEA_IsQuarterEnd_RAW', 'SEA_DayOfMonth_RAW', 'SEA_DayOfWeek_RAW']}",5df869206bf3485eafc99d8e1105f75a,Trial_2_LightGBM,train.py,LOCAL,a2f007f5f5014ad70795fd0b1377858a3347347b,yuu
e2aca767016d4d6aa7404de4c75a6d55,16,FINISHED,/Users/yuu/JPSForecast/mlruns/16/e2aca767016d4d6aa7404de4c75a6d55/artifacts,2026-04-13 12:03:06.729000+00:00,2026-04-13 12:11:28.774000+00:00,0.9800497642088514,0.4265957827991717,1.3295670638702275,,0.4047663396370802,406.0,0.9764370171726159,1.3852387599364624,0.0015365087892860174,0.006012613885104656,0.42415552166293513,,,0.412228571388593,,,0.43706338236807335,0.933747172742315,,0.013480218854012418,1.2760758668632382,0.004265205468982458,,-0.01749381750894605,0.40759259555275,0.4437609002580823,,,,,,,0.44263008072353444,,0.0021670651622116566,0.0010725772008299828,,0.00046403377200476825,0.39354695091749997,,,,,1.260791614343868,0.9375600683220112,1.4509532332668775,,,,0.9338321641199548,,0.011470883311934075,0.903232453012592,,1.3410907578985665,,,0.014890060557799834,0.953600064060762,-0.0011672631371766329,,1.3640982172605474,,-0.02741206974655583,0.005106652155518532,,,,,0.9504811946663608,,-0.0009196877363137901,-0.026824070214445096,,0.00897360720321229,,,0.9475420292856442,-0.02741206974655583,2029.0,,1.3663413727179923,0.41519234534844407,0.0029600439593195915,0.9148669180972595,1.0,,0.42166335511196945,0.0021241456270217896,0.00965318125704133,,0.0032795954030007124,-0.007039865551026504,,,,1.3253802947369595,-0.025544069089787236,0.9404170458889926,,1.3626024261633325,1.0,,-0.01388652782986153,-0.01628231500147672,,,,1.5180981411235945,,,,0.9361501610543146,0.0368287930682656,1.321013424088109,0.3852310173017263,0.4029915338171799,0.9459465767341697,,,0.004473473876714706,0.03864003446412066,"{'name': 'tac_vol_scaled_asym_return', 'column': 'target_tac_vol_scaled_asym_return_clipped', 'task_type': 'regression', 'prediction_horizon': 5}","{'_target_': 'src.cv.purged_kfold.SimplePurgedKFold', 'n_splits': 6, 'pct_embargo': 0.01}","{'boosting_type': 'gbdt', 'n_jobs': -1, 'random_state': 42, 'learning_rate': 0.05, 'num_leaves': 7, 'max_depth': 3, 'min_child_samples': 500, 'min_split_gain': 0.1, 'bagging_fraction': 0.8, 'feature_fraction': 0.8, 'lambda_l1': 1.0, 'lambda_l2': 1.0, 'is_unbalance': True, 'use_time_decay': True, 'time_decay_rate': 0.9999, 'bagging_freq': 5, 'verbose': -1, 'custom_objective': 'src.models.custom_objectives.custom_asymmetric_mse', 'custom_metric': 'src.models.custom_objectives.custom_asymmetric_mse_eval'}","{'name': 'TAC', 'description': '戦術モデル：短期的な売買タイミングの予測'}","{'type': 'master', 'path': '/Users/yuu/JPSForecast/data/master', 'format': 'pkl'}","{'name': 'LightGBM', '_target_': 'lightgbm.LGBMRegressor', 'use_gpu': True, 'preprocessor_target': 'src.preprocess.preprocess_lgbm.LGBMPreprocessor', 'model_target': 'src.models.lgbm_wrapper.LGBMWrapper', 'data_category': 'tabular'}",unknown,"{'tracking_uri': 'sqlite:////Users/yuu/JPSForecast/mlflow.db', 'experiment_name': 'Rough_Tuning'}","{'purge_days': 5, 'embargo_days': 40, 'pct_embargo': 0.01, 'n_splits': 6, 'n_test_chunks': 2, 'valid_start_date': '2024-01-01', 'test_start_date': '2025-01-01'}","{'name': 'tac_vol_scaled_asym_return', 'cat_cols': ['GOV_MarketSegment_CSR', 'GOV_MarketSegment_SNZ', 'GOV_Sector33Code_RAW', 'SEA_IsQuarterEnd_RAW', 'SEA_DayOfMonth_RAW', 'SEA_DayOfWeek_RAW']}",5df869206bf3485eafc99d8e1105f75a,Trial_1_LightGBM,train.py,LOCAL,a2f007f5f5014ad70795fd0b1377858a3347347b,yuu
4a047278546944b0a315af3f35fd72e1,16,FINISHED,/Users/yuu/JPSForecast/mlruns/16/4a047278546944b0a315af3f35fd72e1/artifacts,2026-04-13 11:54:40.466000+00:00,2026-04-13 12:03:06.514000+00:00,0.9790329299850413,0.43317030683487623,1.3392101105216774,,0.4058453456158843,406.0,0.987081124879819,1.3803612632930304,0.0018738348735496402,0.005138796288520098,0.4252700893905071,,,0.41666093921667785,,,0.4289637416585193,0.9342930488886805,,0.013927956348822415,1.276981312933262,0.004746151622384787,,-0.017641091945826828,0.41047725162753046,0.43449306666091764,,,,,,,0.44324961759088705,,0.0026264202315360308,0.0011944737052544951,,0.00028388563077896833,0.39624030282169614,,,,,1.2605602324925174,0.9392295777472888,1.450161200755162,,,,0.9333119836326346,,0.001732374453428464,0.9029638197483633,,1.3515580958721012,,,0.011356868790331136,0.9535152708415969,-0.0012037863489240408,,1.367966434753657,,-0.026920299817914106,0.005463046953082085,,,,,0.9592649774118989,,-0.0006940739694982767,-0.022643846032267746,,0.010343647487404968,,,0.9507096356198295,-0.026920299817914106,2029.0,,1.3666973624425722,0.4191966859248958,0.00394816929474473,0.9155535712614097,1.0,,0.4226807620478374,0.002034978475421667,0.009921534539047375,,0.003388387616723776,-0.006182920820089512,,,,1.3157003255371247,-0.033848714066629926,0.943469003190612,,1.3597367042856465,1.0,,-0.013332145981965074,-0.009838410220209143,,,,1.5188251688216654,,,,0.941194128201212,0.0416057906330831,1.3199446298088868,0.38305034256691467,0.401065070691701,0.9462370597973598,,,0.0031404858455061913,0.030715624364550675,"{'name': 'tac_vol_scaled_asym_return', 'column': 'target_tac_vol_scaled_asym_return_clipped', 'task_type': 'regression', 'prediction_horizon': 5}","{'_target_': 'src.cv.purged_kfold.SimplePurgedKFold', 'n_splits': 6, 'pct_embargo': 0.01}","{'boosting_type': 'gbdt', 'n_jobs': -1, 'random_state': 42, 'learning_rate': 0.05, 'num_leaves': 7, 'max_depth': 3, 'min_child_samples': 2000, 'min_split_gain': 0.1, 'bagging_fraction': 0.8, 'feature_fraction': 0.8, 'lambda_l1': 1.0, 'lambda_l2': 1.0, 'is_unbalance': True, 'use_time_decay': True, 'time_decay_rate': 0.9999, 'bagging_freq': 5, 'verbose': -1, 'custom_objective': 'src.models.custom_objectives.custom_asymmetric_mse', 'custom_metric': 'src.models.custom_objectives.custom_asymmetric_mse_eval'}","{'name': 'TAC', 'description': '戦術モデル：短期的な売買タイミングの予測'}","{'type': 'master', 'path': '/Users/yuu/JPSForecast/data/master', 'format': 'pkl'}","{'name': 'LightGBM', '_target_': 'lightgbm.LGBMRegressor', 'use_gpu': True, 'preprocessor_target': 'src.preprocess.preprocess_lgbm.LGBMPreprocessor', 'model_target': 'src.models.lgbm_wrapper.LGBMWrapper', 'data_category': 'tabular'}",unknown,"{'tracking_uri': 'sqlite:////Users/yuu/JPSForecast/mlflow.db', 'experiment_name': 'Rough_Tuning'}","{'purge_days': 5, 'embargo_days': 40, 'pct_embargo': 0.01, 'n_splits': 6, 'n_test_chunks': 2, 'valid_start_date': '2024-01-01', 'test_start_date': '2025-01-01'}","{'name': 'tac_vol_scaled_asym_return', 'cat_cols': ['GOV_MarketSegment_CSR', 'GOV_MarketSegment_SNZ', 'GOV_Sector33Code_RAW', 'SEA_IsQuarterEnd_RAW', 'SEA_DayOfMonth_RAW', 'SEA_DayOfWeek_RAW']}",5df869206bf3485eafc99d8e1105f75a,Trial_0_LightGBM,train.py,LOCAL,a2f007f5f5014ad70795fd0b1377858a3347347b,yuu
